label,text
Occupancy,Occupancy Status
Square Feet,Square Feet
Maturity Date,Due Date (year)
Property Name,Legal Name
Acquisition Date,Year of Initial Ownership
Current Balance,Outstanding Debt (YE)
Units,Units
Property Type,Prop. Type
State,State
LTV,LTV
Units,Number of Units
DSCR,Debt Coverage Ratio
Lender,Lender Name
Acquisition Date,Origination Date
Units,Multifamily Units (#)
Property Name,Building Number
Debt Service,Annual Debt Service
Acquisition Date,Purchase Date
Address,Property Address
Property Type,Type of Property
Index,Interest Rate Index
City,City
Occupancy,Occupancy %
Rate Type,Fixed or Floating
NOI,N.O.I.
NOI,2022 Net Operating Income (Projected)
Square Feet,Square Feet
Square Feet,Sq. Feet
Rate Type,Fixed / Variable
Rate Type,Fixed / Variable
Acquisition Date,Origination
City,Property City
Debt Service,Debt Service Calculation
Amort Start Date,Amort Start Date
Address,Street Location
Occupancy,Occupancy at end of quarter
Square Feet,Feet
Maturity Date,Maturity Date
State,Property State
Rate Type,Type
Loan Amount,Origional Balance
Debt Service,Debt Service
Property Type,Type
DSCR,DSC
Spread,Spread
Maturity Date,Date of Maturity
Index,Rate Index
NOI,Net Operating Income
All-In Rate,Interest
Debt Service,Total Debt Service
Loan Amount,Total Loan
Property Name,Building Name/Number
Index,Index
Units,Units/ Sq. Ft.
DSCR,DCR
Units,Number of Units
Units,Unit Count
City,Property City
State,Property State
Current Balance,Mortgage Outstanding
Square Feet,Sq. Footage
Current Balance,Current Amount
Square Feet,Square Footage
Current Balance,Mortgage Liens as of 
City,Property City
DSCR,Debt Service Coverage
NOI,Current Net Operating Income
Index,Index
Property Type,Property Type
Address,Property Street Address
Current Balance,Mortgage Outstanding
Property Name,Property Name
Index,Rate Index
Current Balance,Balance of Mortgages
City,Town
Occupancy,Occupancy Status
All-In Rate,All In
Spread,Spread
Occupancy,Occupancy Status
Units,Multifamily Units (#)
All-In Rate,Interest Rate
State,Territory
Loan Amount,Total Loan(s)
Occupancy,Occ. %
Property Type,Description
Maturity Date,Date Matures
Maturity Date,Matures
City,City
Units,# of Units
City,Town
Rate Type,Type of Interest Rate
Property Type,Asset Type
Address,Street
DSCR,Debt Service Coverage
Square Feet,Sq. Ft.
Property Type,Type
Market Value,Market Total Value
LTV,LTV
DSCR,Debt Coverage
Spread,Credit Spread
Current Balance,Outstanding Debt (YE)
Property Name,Building Number
Index,Index
Rate Type,Type of Rate
DSCR,Debt Service Coverage
Square Feet,SF / # of Units
Market Value,Value/Unit
Spread,Credit Spread
Lender,"Lender Name (Confirm if Fannie or Freddie, where applicable)"
NOI,NOI (12/31/2021)
Units,Units/ Sq. Ft.
Property Type,Property Description
DSCR,DSCR
Units,Multifamily Units
State,Property State
LTV,Loan-To-Value
All-In Rate,All In Rate
Index,Interest Rate Index
Units,#units
Units,Multifamily Units (#)
Market Value,Market Value
Property Type,Prop. Type
Index,Rate Index
Maturity Date,Due Date (year)
State,Territory
Market Value,PWC Value
Loan Amount,Original Loan Amount
Rate Type,Fixed or Floating
Market Value,Market Total Value
DSCR,Debt Coverage Ratio
Market Value,MV
City,Location
Units,Unit Count
Debt Service,Debt Service Value
Current Balance,Principal Balance
Rate Type,Type of Rate
All-In Rate,Interest Rate
Maturity Date,Maturity Date
LTV,Loan-To-Value
Property Type,Type
Current Balance,Outstanding Loan(s)
Rate Type,Type
Debt Service,Debt Service Total
Maturity Date,Maturity
City,City
Acquisition Date,Purchase Date
Rate Type,Fixed / Variable
Property Type,Property Description
Square Feet,SF / # of Units
Rate Type,Fixed or Floating
Address,Street
Occupancy,% Occupied
Occupancy,Current Occupancy (%)
State,Providence
Rate Type,Loan Type
LTV,Loan To Value
Amort Start Date,Amortization Date
NOI,NOI (12/31/2021)
Debt Service,Annual Debt Service
Square Feet,Sq. Ft.
Loan Amount,Orig. Loan Amt.
Amort Start Date,Commence Date
City,Property City
Index,Interest Rate Index
Index,Interest Rate Index
Debt Service,Total Debt Service
Occupancy,Physical Occupancy
Square Feet,Sq. Footage
Loan Amount,Total Loan(s)
Spread,Credit Spread
State,Property State
Index,Rate Index
City,City
Current Balance,Mortgage Liens as of 
Address,Location
Address,Street Location
Current Balance,Mortgage Liens as of 
Maturity Date,Loan Maturity Date
Lender,Lender (Servicer)
Maturity Date,Maturity
Maturity Date,Loan Maturity Date
State,State
Debt Service,Debt Service
Occupancy,Occupancy %
Rate Type,Interest Rate Type
LTV,Loan To Value
Amort Start Date,Amort Start Date
Maturity Date,Due Date
Current Balance,Principal Balance
Market Value,MV
Maturity Date,Due Date
Acquisition Date,Year Originated
Acquisition Date,Acquistion
NOI,2022 Net Operating Income (Projected)
NOI,2022 Net Operating Income (Projected)
State,State
Address,Street Location
Amort Start Date,Amort Start
Loan Amount,Orig. Loan Amt.
Debt Service,Total Debt Service
All-In Rate,All-In
City,Location
City,City
Index,Rate Index
Loan Amount,Total Loan Amount
Square Feet,Sq. Feet
All-In Rate,Interest Rate
Debt Service,Debt Service Calculation
Property Name,Building Name/Number
Lender,Lender
Property Type,Description
Property Name,Property Number
Market Value,Market Value
Property Name,Property ID
Spread,Spread
State,Property State
Loan Amount,Total Loan
Property Type,Property Description
All-In Rate,Interest Rate
Property Name,Name
Lender,Lender(s)
Rate Type,Rate Type
Property Type,Type of Property
Address,Location
Square Feet,Sq. Footage
Market Value,Market Value
Acquisition Date,Acquisition Date
Property Type,Type
Maturity Date,Date Matures
Index,Interest Rate Index
Lender,Mortgage Lender
Property Type,Property Description
Rate Type,Interest Rate Type
LTV,LTV
Lender,Mortgage Lender
Square Feet,SF/Units
Property Type,Asset Type
Amort Start Date,Amort Start Date
Debt Service,Annual Debt Service
Lender,Lender
DSCR,DCR
State,Providence
LTV,Loan To Value
Current Balance,Loan Balance
NOI,NOI (12/31/2021)
Spread,Credit Spread
Rate Type,Floating (Y/N)
Loan Amount,Orig. Loan Amount
Market Value,PWC Value
Occupancy,% Occupancy
Property Type,Description
LTV,LTV
Acquisition Date,Date Acquired
Market Value,Full Market Value
Square Feet,SF / # of Units
Current Balance,Balance as of *
Units,Unit Count
Occupancy,Occupancy Status
DSCR,DSC
Property Name,Legal Name
Amort Start Date,Amort Date
Rate Type,Interest Rate Type
Property Type,Prop. Type
Current Balance,OPB
Property Type,Type of Community
Amort Start Date,Amort Date
Debt Service,Debt Service Total
City,Location
Lender,Lender Name
Address,Street Address
City,Town
Square Feet,SF / # of Units
Maturity Date,Due Date (year)
Maturity Date,Maturity Date
Current Balance,OPB
Property Name,Property
NOI,Current N.O.I.
Current Balance,Outstanding Principal
Square Feet,Feet
DSCR,Total DSCR
Spread,Spread
Units,Units / Sq. Ft.
Maturity Date,Loan Maturity Date
Maturity Date,Loan Maturity Date
Index,Interest Rate Index
NOI,"12/31/2020 NOI (Per Collier's Valuation), NOI  (Period Ending YTD 2022)"
Rate Type,Interest Rate Type
State,ST
Loan Amount,Total Loan Amount
LTV,Loan-To-Value
Property Type,Type of Property
State,State
Rate Type,Structure
Spread,Spread
Acquisition Date,Acq. Date Cost
Index,Interest Rate Index
Loan Amount,Orig. Loan Amt.
Market Value,Value/Unit
Acquisition Date,Acq. Date Cost
All-In Rate,Interest
Lender,Lender Name
Loan Amount,Origional Balance
Lender,Lender
Debt Service,2022 Total Debt Service (Projected)
Property Type,Type of Community
LTV,LTV
Loan Amount,Loan Amount
Market Value,Market Total Value
Property Name,Building Name/Number
Current Balance,Outstanding Loans
City,Location
Rate Type,Fixed / Variable
Loan Amount,Orig. Loan Amount
Market Value,PWC Value
Index,Interest Rate Index
Lender,Mortgage Holder
Rate Type,Rate Type
Market Value,Borrower Started Value
City,City
Market Value,Value
Debt Service,2022 Total Debt Service (Projected)
LTV,Loan-To-Value
Amort Start Date,Amortization Date
Rate Type,Fixed or Floating
NOI,"12/31/2020 NOI (Per Collier's Valuation), NOI  (Period Ending YTD 2022)"
LTV,Loan To Value
Rate Type,Structure
City,Location
Current Balance,Outstanding Principal
Amort Start Date,Amortization Start Date
DSCR,Total DSCR
Property Name,Property ID
Occupancy,Occ. %
Amort Start Date,Amort Date
Debt Service,Combined Annual Debt Service
NOI,Current NOI
Property Name,Building Name
Amort Start Date,Commence Date
All-In Rate,All-In
Debt Service,Debt Service
Acquisition Date,Origination Date
Occupancy,Occupancy
Units,Units/ Sq. Ft.
Market Value,Value
Spread,Spread
Address,Address
Spread,Credit Spread
Market Value,Value
NOI,NOI  (Period Ending YTD)
Debt Service,Debt Service Value
Current Balance,Balance as of *
State,Property State
State,Property State
LTV,Loan To Value
State,ST
Square Feet,Square Feet
Square Feet,Square Feet
Units,# Units / SF
All-In Rate,All-In
Debt Service,Total Debt Service
Rate Type,Floating (Y/N)
Occupancy,Occupancy %
NOI,2022 Net Operating Income (Projected)
Market Value,Internal Valuation
Rate Type,Type of Loan
Address,Full Property Address
Amort Start Date,Amortization Start
All-In Rate,All-In Rate
Current Balance,Loan Balance
Maturity Date,Date of Maturity
City,City
All-In Rate,All-In
Market Value,MV
Market Value,Borrower Started Value
Current Balance,Current Debt
Address,Street Address
Lender,Mortgage Holder
Square Feet,SF / # of Units
Units,Unit Count
City,Location
Market Value,PWC Value
Property Type,Type
NOI,Current NOI
Rate Type,Fixed or Floating
State,Property State
Loan Amount,Orig. Loan Amt.
Loan Amount,Origional Balance
DSCR,Debt Coverage
City,Property City
All-In Rate,All In Rate
Market Value,Value/Unit
Property Name,Building Name/Number
Occupancy,Occupancy at end of quarter
Loan Amount,Original Loan Amount
Loan Amount,Total Commitment
DSCR,DSC
Index,Interest Rate Index
Acquisition Date,Acquisition Date (yr)
Amort Start Date,Amort Start
Index,Index
Loan Amount,Original Loan Amount
State,ST
Current Balance,Outstanding Loans
DSCR,Debt Service Ratio
Address,Street Location
State,Territory
Lender,"Lender Name (Confirm if Fannie or Freddie, where applicable)"
Address,Street
Address,Full Property Address
City,City
Property Type,Prop. Type
Maturity Date,Maturity Date(s)
NOI,Current NOI
Rate Type,Interest Rate Type
Property Type,Type
Current Balance,Outstanding Loan(s)
Current Balance,Loan Balance
Address,Street Location
Occupancy,Occupancy at end of quarter
Amort Start Date,Commence Date
Lender,Lender (Servicer)
Occupancy,Physical Occupancy
Debt Service,Annual Debt Service
City,City
DSCR,Total DCR
Loan Amount,Total Loan Amount
Lender,Lender
Debt Service,Total Debt Service
Market Value,Internal Valuation
Address,Location
Units,Unit Count
Spread,Credit Spread
Property Type,Prop. Type
City,Location
All-In Rate,Interest
Address,Address
Units,Units/ Sq. Ft.
City,Location
Spread,Credit Spread
Property Type,Description
Lender,"Lender Name (Confirm if Fannie or Freddie, where applicable)"
Maturity Date,Maturity
Acquisition Date,Acquisiton Year
Market Value,MV
Property Type,Type of Community
Property Type,Prop. Type
LTV,LTV
Loan Amount,Original Loan Amount
Market Value,Valuation Dec-2020
Debt Service,Annual Debt Service
Property Name,Building Number
Property Type,Description
Loan Amount,Orig. Loan Amt.
LTV,LTV
Index,Rate Index
Address,Property Location
Lender,Lender
NOI,Net Operating Income
LTV,Loan To Value
Current Balance,Outstanding Principal
Units,#units
LTV,LTV
Lender,Lender Name
Loan Amount,Total Loan Amount
DSCR,Debt Coverage
All-In Rate,Current Rate
Acquisition Date,Origination
Debt Service,Debt Service Value
Amort Start Date,Amortization Date
Loan Amount,Loan Amount
Units,Unit Count
Property Type,Description
All-In Rate,All In Rate
Spread,Credit Spread
Debt Service,Total Debt Service
Square Feet,SF/Units
Market Value,Full Market Value
Spread,Credit Spread
Spread,Credit Spread
Square Feet,Feet
NOI,Net Operating Income
Lender,Lender(s)
Spread,Spread
Spread,Spread
Index,Interest Rate Index
Square Feet,SF/Units
Units,#units
Debt Service,Debt Service Value
All-In Rate,All In
Market Value,Market Value
DSCR,DCR
State,State
Debt Service,Debt Service
Property Name,Building Name
Debt Service,Debt Service
Occupancy,Occupancy
State,ST
Property Name,Legal Name
Property Name,Property
Current Balance,OPB
Spread,Spread
Index,Interest Rate Index
All-In Rate,Current Rate
Occupancy,% Occupied
Index,Index
Acquisition Date,Origination Date
City,Location
Property Name,Property Number
Address,Street Address
Square Feet,Square Footage
Index,Index
Acquisition Date,Acquired
NOI,Net Rental Income
Square Feet,Feet
Square Feet,Feet
Rate Type,Fixed / Variable
Lender,Mortgage Lender
Current Balance,Outstanding Principal
Market Value,Value/Unit
Lender,Mortgage Lender
Units,Units
Lender,Lender
Index,Interest Rate Index
NOI,Current Net Operating Income
Address,Full Property Address
All-In Rate,Rate
All-In Rate,All In
All-In Rate,All-In
Spread,Spread
Debt Service,Debt Service Calculation
Units,Units / Sq. Ft.
LTV,Loan-To-Value
NOI,"12/31/2020 NOI (Per Collier's Valuation), NOI  (Period Ending YTD 2022)"
Spread,Credit Spread
Amort Start Date,Amort Date
All-In Rate,Interest Rate (at 12/31/21)
Square Feet,Square Feet
Acquisition Date,Acq. Date Cost
Debt Service,Annual Debt Service
All-In Rate,Interest Rate (at 12/31/21)
Current Balance,Principal Balance as of 12/31/21
Current Balance,Current Debt
Index,Rate Index
City,Property City
Lender,Mortgage Holder
Amort Start Date,Amortization Start Date
LTV,LTV
Debt Service,Debt Service
Lender,Lender
Property Type,Property Type
Maturity Date,Due Date (year)
City,Property City
NOI,NOI  (Period Ending YTD)
State,ST
NOI,2022 Net Operating Income (Projected)
Lender,Mortgage Lender
City,Property City
Maturity Date,Maturity
City,Location
State,State
Square Feet,SF / # of Units
NOI,NOI
Address,Street Location
Lender,"Lender Name (Confirm if Fannie or Freddie, where applicable)"
Index,Index
Address,Street Location
State,Providence
Address,Street
Debt Service,Debt Service Total
Current Balance,Outstanding Principal
Index,Interest Rate Index
Spread,Spread
DSCR,Debt Coverage Ratio
Acquisition Date,Purchase Date
Current Balance,Mortgage Outstanding
Property Type,Type of Property
Property Type,Asset Type
Square Feet,Feet
Current Balance,Current Debt
Current Balance,Outstanding Principal
Debt Service,Debt Service Total
Property Type,Asset Type
Lender,Lender(s)
City,City
State,Providence
All-In Rate,Current Rate
Lender,Lender(s)
Square Feet,SF / # of Units
Units,Units/ Sq. Ft.
Lender,Mortgage Holder
Amort Start Date,Amortization Start
State,Location
Amort Start Date,Amort Start Date
NOI,NOI (12/31/2021)
DSCR,Debt Coverage Ratio
Lender,Mortgage Holder
Property Name,Property Number
Amort Start Date,Commence Date
Index,Index
DSCR,Debt Service Ratio
City,Property City
State,Property State
All-In Rate,All-In
Amort Start Date,Amortization Date
Property Name,Building Name/Number
NOI,NOI
LTV,Loan-To-Value
Rate Type,Type
DSCR,DSC
Square Feet,Feet
Loan Amount,Loan Amount
Debt Service,Annual Debt Service
Current Balance,Current Debt
State,Property State
Property Type,Type of Community
Loan Amount,Total Loan
Square Feet,Sq. Footage
Maturity Date,Matures
Rate Type,Interest Rate Type
Occupancy,% Occupancy
LTV,Loan To Value
Acquisition Date,Acquisiton Year
LTV,Loan To Value
Spread,Spread
Market Value,MV
Spread,Credit Spread
Property Name,Property Name
Amort Start Date,Amort.
Acquisition Date,Acquired
Property Name,Property Name
Loan Amount,Total Loan
NOI,Current Net Operating Income
City,Property City
Amort Start Date,Amortization Start Date
Rate Type,Type of Interest Rate
Units,# of Units
Current Balance,Balance of Mortgages
DSCR,DSCR
Market Value,Value/Unit
Current Balance,Current Balance
Acquisition Date,Owned Since
Acquisition Date,Year Originated
Property Name,Property Name
State,Providence
Current Balance,Current Amount
Square Feet,Sq. Footage
LTV,LTV
Acquisition Date,Acquisition Date
Property Name,Property ID
Debt Service,Annual Debt Service
DSCR,Debt Service Ratio
Square Feet,Sq. Footage
Index,Index
Square Feet,Sq. Ft.
Current Balance,Outstanding Principal Balance
LTV,Loan To Value
Square Feet,Sq. Ft.
Acquisition Date,Purchase Date
Index,Interest Rate Index
State,Territory
State,Property State
Occupancy,Occupancy Status
Maturity Date,Loan Matures
DSCR,Total DCR
DSCR,Total DCR
Property Name,Building Name/Number
Property Name,Property
Acquisition Date,Origination Date
Occupancy,Occupancy Status
Address,Property Address
Address,Street Location
DSCR,Debt Service Coverage
Property Name,Property Number
LTV,LTV
Address,Location
Rate Type,Loan Type
City,City
Debt Service,Debt Service Value
Amort Start Date,Amortization Start
Property Name,Name
Lender,Lender
DSCR,DSC
LTV,Loan-To-Value
Maturity Date,Loan Matures
NOI,12/31/2020 NOI
Units,Units/ Sq. Ft.
Rate Type,Fixed / Variable
Rate Type,Loan Type
Property Type,Type
Property Name,Debt ID
Index,Rate Index
Property Name,Property Name
All-In Rate,All-In Rate
Address,Address
Current Balance,Current Loan Balance
NOI,Current N.O.I.
Spread,Spread
DSCR,Debt Service Coverage
Lender,"Lender Name (Confirm if Fannie or Freddie, where applicable)"
Debt Service,Debt Service Calculation
Square Feet,Sq. Footage
State,State
Square Feet,SF/Units
State,Territory
Lender,Lender
Address,Street Address
Spread,Spread
Amort Start Date,Commence Date
Property Type,Type of Community
Maturity Date,Loan Maturity Date
Acquisition Date,Acq. Date Cost
Index,Interest Rate Index
Spread,Credit Spread
Market Value,Internal Valuation
Debt Service,Debt Service Value
All-In Rate,Interest
Occupancy,Physical Occupancy
Loan Amount,Original Loan Amount
Lender,Lender(s)
Spread,Credit Spread
Property Name,Legal Name
All-In Rate,All-In
LTV,LTV
Property Name,Property Name
Address,Full Property Address
Current Balance,OPB
NOI,NOI (12/31/2021)
Acquisition Date,Origination
Debt Service,Debt Service Total
Square Feet,SF/Units
Debt Service,Annual Debt Service
Maturity Date,Maturity Date(s)
Amort Start Date,Amort Start
Property Name,Property ID
Amort Start Date,Amortization Date
Occupancy,% Occupancy
Occupancy,% Occupied
Square Feet,SF / # of Units
Occupancy,Physical Occupancy
Property Name,Property ID
Current Balance,Outstanding Loans
Maturity Date,Matures
LTV,Loan-To-Value
Debt Service,Combined Annual Debt Service
Maturity Date,Maturity Date(s)
Index,Rate Index
Rate Type,Fixed / Variable
Index,Rate Index
Square Feet,SF / # of Units
Property Name,Building Name
Current Balance,Outstanding Loan(s)
Current Balance,Outstanding Loan Amount
Index,Interest Rate Index
Amort Start Date,Amortization Start Date
Debt Service,Debt Service Value
Property Type,Prop. Type
Occupancy,Occupancy
Address,Location
City,Property City
Market Value,Internal Valuation
NOI,2022 Net Operating Income (Projected)
Property Type,Property Type
Square Feet,Sq. Ft.
Acquisition Date,Acquired
Square Feet,Square Footage
Current Balance,Current Balance
Index,Index
Property Name,Debt ID
Amort Start Date,Amort.
Market Value,Market Value
Debt Service,Debt Service Value
Maturity Date,Due Date (year)
DSCR,Total DSCR
Occupancy,Current Occupancy
Square Feet,Sq. Footage
Current Balance,Outstanding
DSCR,Debt Coverage Ratio
Market Value,Value
DSCR,DCR
Property Type,Prop. Type
All-In Rate,Interest
Current Balance,Balance
Current Balance,Principal Balance as of 12/31/21
Spread,Spread
Maturity Date,Date Matures
Property Type,Property Description
State,Property State
Debt Service,Combined Annual Debt Service
State,State
City,Town
NOI,NOI  (Period Ending YTD)
City,Town
Spread,Credit Spread
Index,Interest Rate Index
State,ST
Index,Rate Index
Rate Type,Type of Rate
Property Name,Building Name
Maturity Date,Loan Matures
Square Feet,Square Footage
LTV,LTV
City,Town
Market Value,Market Total Value
Debt Service,Debt Service Total
Property Type,Type of Property
All-In Rate,Interest Rate
Property Type,Asset Type
Square Feet,Square Footage
Rate Type,Type of Rate
NOI,NOI  (Period Ending YTD)
Units,Units / Sq. Ft.
Address,Street Location
Lender,Lender(s)
LTV,LTV
Property Type,Prop. Type
Index,Index
City,Town
Acquisition Date,Date of Acquisition
State,ST
Address,Address
Acquisition Date,Year of Initial Ownership
Debt Service,Debt Service Total
Property Type,Type
LTV,LTV
Loan Amount,Total Commitment
City,Town
Rate Type,Fixed/Variable
Property Name,Property Number
All-In Rate,All In
Maturity Date,Final Maturity
Loan Amount,Origional Balance
City,Property City
Market Value,Value
Occupancy,Occupancy Status
Debt Service,Debt Service Value
Property Type,Type of Property
Acquisition Date,Date Acquired
Amort Start Date,Amortization Date
LTV,LTV
All-In Rate,All In Rate
Index,Rate Index
All-In Rate,Rate
Current Balance,Outstanding Debt
Loan Amount,Total Loan Amount
Spread,Spread
City,Location
State,Location
Units,Units/ Sq. Ft.
DSCR,Debt Service Ratio
State,Location
Property Type,Type
Property Name,Debt ID
State,Location
Occupancy,Current Occupancy
Spread,Spread
NOI,Net Income
Index,Interest Rate Index
Lender,Lender(s)
DSCR,DCR
Maturity Date,Maturity
Address,Property Address
Address,Location
State,Location
State,ST
Index,Index
Current Balance,Outstanding Loan(s)
Market Value,Internal Valuation
Current Balance,Outstanding Principal
Maturity Date,Maturity
City,Location
Acquisition Date,Acquisition Date (yr)
Square Feet,SF / # of Units
Square Feet,Sq. Footage
Index,Index
NOI,Net Operating Income
Property Type,Property Type
City,City
Loan Amount,Original Loan Amount
State,State
City,Town
Maturity Date,Matures
Property Type,Prop. Type
Lender,Lender (Servicer)
Property Type,Type of Community
Acquisition Date,Purchase Date
Debt Service,Debt Service Calculation
Units,Multifamily Units
Market Value,Full Market Value
Occupancy,Occupancy
Acquisition Date,Acquisiton Year
Spread,Credit Spread
All-In Rate,Current Rate
Square Feet,Sq. Feet
Maturity Date,Maturity Date
NOI,Net Rental Income
All-In Rate,Interest
Maturity Date,Maturity Date(s)
Market Value,Market Value
Square Feet,SF / # of Units
Amort Start Date,Amortization Start
Maturity Date,Date of Maturity
NOI,2022 Net Operating Income (Projected)
Units,# Units / SF
Loan Amount,Original Loan Amount
Square Feet,Square Feet
Spread,Credit Spread
Lender,Lender (Servicer)
Rate Type,Interest Rate Type
Amort Start Date,Amort Start
Units,Unit Count
Property Type,Property Type
NOI,Current N.O.I.
Lender,Mortgage Lender
Acquisition Date,Year Originated
City,Property City
Amort Start Date,Amort Start Date
NOI,NOI  (Period Ending YTD)
Property Type,Asset Type
Current Balance,Current Loan Balance
Lender,Lender
Market Value,PWC Value
Lender,"Lender Name (Confirm if Fannie or Freddie, where applicable)"
Lender,"Lender Name (Confirm if Fannie or Freddie, where applicable)"
Current Balance,Loan Balance
Current Balance,OPB
Property Name,Property Name
Spread,Spread
Rate Type,Loan Type
Index,Interest Rate Index
Rate Type,Interest Rate Type
Property Name,Property ID
Loan Amount,Origional Balance
Spread,Spread
Maturity Date,Maturity
Market Value,PWC Value
Property Name,Building Number
Square Feet,SF / # of Units
Rate Type,Type of Loan
Market Value,Valuation Dec-2020
Units,Units/ Sq. Ft.
All-In Rate,Interest
Spread,Credit Spread
Index,Index
Spread,Credit Spread
Rate Type,Fixed / Variable
Loan Amount,OG Loan Amount
Lender,Lender
Loan Amount,Total Commitment
All-In Rate,Interest
Maturity Date,Date Matures
Acquisition Date,Year Acquired
NOI,NOI  (Period Ending YTD)
Index,Rate Index
Lender,Mortgage Lender
Current Balance,Principal Balance
Index,Rate Index
Index,Rate Index
NOI,"12/31/2020 NOI (Per Collier's Valuation), NOI  (Period Ending YTD 2022)"
Spread,Credit Spread
Property Name,Building
Lender,Lender
Lender,"Lender Name (Confirm if Fannie or Freddie, where applicable)"
Rate Type,Type of Rate
Loan Amount,Origional Balance
Spread,Spread
Acquisition Date,Date Acquired
State,State
DSCR,Debt Service Coverage
City,Location
Index,Interest Rate Index
All-In Rate,Interest
Property Type,Type
Debt Service,Debt Service Total
Units,Number of Units
Property Type,Property Type
Rate Type,Loan Type
Lender,Mortgage Lender
DSCR,Debt Coverage Ratio
Square Feet,Sq. Ft.
City,Property City
NOI,Current N.O.I.
Index,Index
Index,Index
Rate Type,Structure
NOI,Current NOI
Maturity Date,Matures
Market Value,Market Value
Address,Street Location
Lender,"Lender Name (Confirm if Fannie or Freddie, where applicable)"
Loan Amount,Total Loan Amount
Property Name,Building Name/Number
Lender,Mortgage Holder
Loan Amount,Total Loan(s)
Acquisition Date,Date Acquired
Square Feet,Sq. Ft.
Occupancy,Occupancy
Rate Type,Structure
State,Location
Property Type,Description
Amort Start Date,Amort Start
Market Value,Value/Unit
Loan Amount,Loan Amount
NOI,12/31/2020 NOI
Property Type,Prop. Type
Property Type,Description
Property Type,Type
Amort Start Date,Amort.
Occupancy,Occupancy
City,Town
Spread,Credit Spread
Lender,Mortgage Lender
Property Name,Building
All-In Rate,All-In
State,State
Market Value,Value/Unit
Spread,Spread
DSCR,Debt Service Coverage
Loan Amount,Total Loan
Spread,Spread
Spread,Spread
All-In Rate,All-In
Debt Service,Debt Service Calculation
NOI,NOI
Occupancy,Occupancy at end of quarter
Rate Type,Type of Interest Rate
City,Town
Amort Start Date,Amort Date
Units,Multifamily Units (#)
Current Balance,Current Debt
City,Location
Loan Amount,Total Loan
Units,#units
Acquisition Date,Owned Since
Market Value,Value
Acquisition Date,Purchase Date
Spread,Credit Spread
Rate Type,Type
Square Feet,Sq. Feet
All-In Rate,All-in
DSCR,Debt Coverage
Property Type,Property Type
Square Feet,Sq. Footage
Occupancy,Occupancy %
LTV,LTV
DSCR,Debt Coverage Ratio
Maturity Date,Maturity Date(s)
Acquisition Date,Date of Acquisition
Property Type,Description
Property Name,Property Number
Market Value,Value/Unit
Square Feet,SF/Units
Loan Amount,Total Loan(s)
Amort Start Date,Commence Date
DSCR,Debt Coverage Ratio
Debt Service,Combined Annual Debt Service
Units,#units
Lender,Mortgage Holder
Debt Service,Annual Debt Service
NOI,Current N.O.I.
Property Type,Property Description
Market Value,Value
Lender,Lender Name
Occupancy,Occupancy
Amort Start Date,Amortization Date
Rate Type,Fixed/Variable
Occupancy,Occupancy Status
Address,Property Address
NOI,Net Operating Income
Loan Amount,Total Loan
Loan Amount,Orig. Loan Amt.
Debt Service,Debt Service Value
Address,Street Location
Occupancy,Current Occupancy
Amort Start Date,Amort Start Date
Lender,Lender(s)
Spread,Spread
Units,Multifamily Units (#)
Units,Units / Sq. Ft.
Debt Service,Debt Service
Maturity Date,Maturity Date(s)
Amort Start Date,Amort Date
Index,Rate Index
Property Name,Property Name
Amort Start Date,Amortization Start
DSCR,Total DCR
Property Type,Type of Community
City,Location
Square Feet,Feet
State,ST
Acquisition Date,Date Acquired
Address,Street
Amort Start Date,Amort.
LTV,LTV
Units,Number of Units
Debt Service,Debt Service Calculation
All-In Rate,Interest Rate (at 12/31/21)
NOI,12/31/2020 NOI
Square Feet,Square Feet
Square Feet,Sq. Ft.
Loan Amount,Total Commitment
Index,Rate Index
Loan Amount,Orig. Loan Amount
Market Value,MV
DSCR,DSCR
Market Value,Market Value
Index,Interest Rate Index
Occupancy,Current Occupancy
Amort Start Date,Amortization Start Date
Spread,Credit Spread
Rate Type,Structure
Occupancy,Occupancy
Address,Property Street Address
All-In Rate,All-In Rate
Spread,Spread
Rate Type,Type of Rate
Debt Service,2022 Total Debt Service (Projected)
State,Property State
Address,Location
Debt Service,2022 Total Debt Service (Projected)
Acquisition Date,Acquistion
Units,#units
Lender,Lender(s)
Units,# of Units
State,Territory
Acquisition Date,Acquired
Loan Amount,Total Loan Amount
Property Name,Building Name/Number
Rate Type,Fixed or Floating
Property Type,Type of Property
Market Value,Valuation Dec-2020
Debt Service,Debt Service Calculation
All-In Rate,All-in
Index,Index
Property Name,Building Name
Spread,Credit Spread
Maturity Date,Date Matures
Maturity Date,Date Matures
State,ST
City,Location
Loan Amount,Total Loan Amount
Square Feet,Sq. Feet
All-In Rate,Interest Rate
Square Feet,Sq. Footage
Property Type,Asset Type
Debt Service,Combined Annual Debt Service
Rate Type,Interest Rate Type
DSCR,Debt Service Ratio
Acquisition Date,Acquired
All-In Rate,All-In
Lender,Lender(s)
Lender,Lender(s)
Property Type,Type of Community
Current Balance,Outstanding Debt
Debt Service,Debt Service Calculation
Current Balance,Current Balance
State,Territory
Spread,Credit Spread
Maturity Date,Maturity Date(s)
NOI,Net Rental Income
LTV,LTV
Rate Type,Rate Type
Debt Service,2022 Total Debt Service (Projected)
Amort Start Date,Amort Start
NOI,NOI
Lender,Lender(s)
Debt Service,Debt Service Value
Amort Start Date,Amort Date
Market Value,Market Value
Acquisition Date,Acquisition Date
Address,Address
Spread,Credit Spread
City,Property City
Property Type,Type of Community
Square Feet,SF/Units
Market Value,MV
Address,Address
Spread,Credit Spread
Property Name,Building Name/Number
Acquisition Date,Acquisition Date
Occupancy,Occupancy %
Lender,Lender
Property Type,Type of Property
City,Location
Current Balance,OPB (1/31/2022)
Maturity Date,Final Maturity
Acquisition Date,Acquisiton Year
Property Name,Property Name
Index,Interest Rate Index
Acquisition Date,Origination
Lender,Lender(s)
DSCR,Debt Coverage
Units,Units
State,ST
Loan Amount,Orig. Loan Amt.
Loan Amount,Total Loan Amount
DSCR,Debt Service Ratio
Property Name,Building Name
Address,Property Street Address
Debt Service,Debt Service
Rate Type,Structure
Square Feet,Square Feet
Loan Amount,Total Loan Amount
City,City
LTV,Loan To Value
Address,Property Street Address
Market Value,Market Value
Market Value,Full Market Value
Square Feet,Feet
City,Location
Units,Multifamily Units (#)
Property Type,Type of Community
Amort Start Date,Amortization Start
Rate Type,Structure
Debt Service,Debt Service Calculation
Lender,Lender Name
Acquisition Date,Acquired
Maturity Date,Loan Maturity Date
Address,Street Location
Rate Type,Type of Rate
Spread,Credit Spread
All-In Rate,All In Rate
Spread,Credit Spread
Current Balance,Outstanding Loan Amount
City,City
Address,Property Address
Spread,Credit Spread
Units,# of Units
All-In Rate,All In
Index,Rate Index
Occupancy,Occupancy at end of quarter
Occupancy,Physical Occupancy
All-In Rate,Interest Rate (at 12/31/21)
Index,Index
Market Value,Market Total Value
Lender,Lender Name
Square Feet,Feet
Units,Unit Count
Address,Street Address
Maturity Date,Matures
LTV,Loan-To-Value
Property Name,Building Name/Number
City,City
Spread,Credit Spread
State,Location
Address,Street
LTV,Loan To Value
Square Feet,SF/Units
LTV,Loan-To-Value
Square Feet,Sq. Ft.
State,Location
Amort Start Date,Amortization Start Date
Loan Amount,Loan Amount
DSCR,Debt Service Ratio
Spread,Credit Spread
Current Balance,Outstanding Principal
Index,Interest Rate Index
Amort Start Date,Amortization Start Date
City,Property City
Amort Start Date,Amortization Date
City,City
Rate Type,Fixed / Variable
Amort Start Date,Amort Start
Lender,Mortgage Holder
NOI,NOI
LTV,LTV
Market Value,Market Total Value
Occupancy,% Occupied
Index,Interest Rate Index
All-In Rate,Interest Rate (at 12/31/21)
Current Balance,Current Debt
Lender,Lender
Lender,Mortgage Holder
Debt Service,Debt Service Value
Property Type,Description
Acquisition Date,Acq. Date Cost
Maturity Date,Date of Maturity
Property Name,Property Name
Debt Service,Total Debt Service
Property Name,Building Name/Number
Address,Full Property Address
Index,Index
Current Balance,Current Loan Balance
Property Type,Asset Type
Current Balance,Outstanding Principal Balance
Current Balance,Outstanding Debt
Occupancy,Occupancy at end of quarter
Property Type,Description
Debt Service,Debt Service
Acquisition Date,Origination Date
Loan Amount,Origional Balance
Units,Multifamily Units (#)
Debt Service,2022 Total Debt Service (Projected)
Index,Index
Property Name,Property Name
Occupancy,Occupancy Status
State,Location
LTV,Loan-To-Value
Lender,Mortgage Holder
Index,Index
Address,Street Address
Amort Start Date,Amortization Start
Property Type,Type of Community
Index,Interest Rate Index
Market Value,Market Total Value
Debt Service,2022 Total Debt Service (Projected)
Square Feet,SF / # of Units
Square Feet,SF/Units
DSCR,Total DCR
Rate Type,Type of Loan
Acquisition Date,Purchase Date
LTV,LTV
Spread,Spread
Index,Interest Rate Index
All-In Rate,Current Rate
City,Location
Lender,Lender Name
All-In Rate,Interest Rate (at 12/31/21)
Rate Type,Loan Type
Market Value,Internal Valuation
Square Feet,Sq. Ft.
Square Feet,Square Footage
Market Value,Market Value
Market Value,Value
Loan Amount,Total Loan Amount
LTV,LTV
Address,Property Street Address
Address,Property Street Address
Maturity Date,Due Date (year)
Current Balance,Principal Balance as of 12/31/21
Property Type,Description
Maturity Date,Final Maturity
All-In Rate,Interest
State,Property State
Address,Property Street Address
Acquisition Date,Acquistion
Square Feet,Sq. Footage
Debt Service,Debt Service Calculation
NOI,Net Rental Income
Loan Amount,Total Loan(s)
Lender,Mortgage Lender
All-In Rate,Rate
DSCR,DSCR
Rate Type,Type
Amort Start Date,Amort Start
Current Balance,Current Balance
NOI,N.O.I.
Index,Interest Rate Index
Property Type,Type of Property
Square Feet,SF / # of Units
Property Name,Property Number
NOI,NOI  (Period Ending YTD)
Debt Service,Debt Service
Lender,"Lender Name (Confirm if Fannie or Freddie, where applicable)"
Current Balance,Mortgage Liens as of 
Loan Amount,Loan Amount
Spread,Credit Spread
Index,Interest Rate Index
Property Name,Building Name
Occupancy,Occupancy at end of quarter
NOI,Current NOI
NOI,Current Net Operating Income
Amort Start Date,Amort.
Index,Index
Spread,Spread
Current Balance,Outstanding Debt
Lender,"Lender Name (Confirm if Fannie or Freddie, where applicable)"
Maturity Date,Maturation Date
Debt Service,Debt Service
NOI,Current Net Operating Income
Debt Service,Debt Service Value
Property Type,Property Description
City,Property City
Index,Index
Property Name,Building Name/Number
Index,Interest Rate Index
Spread,Credit Spread
All-In Rate,Interest
Debt Service,Annual Debt Service
DSCR,Debt Coverage Ratio
All-In Rate,All In Rate
Acquisition Date,Acq. Date Cost
Current Balance,Current Loan Balance
Address,Street Address
Loan Amount,Total Commitment
All-In Rate,All In
Maturity Date,Date of Maturity
Lender,Mortgage Lender
DSCR,Debt Service Ratio
NOI,Net Income
Rate Type,Loan Type
Current Balance,Outstanding Loan(s)
Market Value,Valuation Dec-2020
Market Value,Valuation Dec-2020
NOI,Current Net Operating Income
Property Name,Property
Amort Start Date,Amort.
All-In Rate,All In
Debt Service,Combined Annual Debt Service
Acquisition Date,Acq. Date Cost
Index,Index
Units,Units
Occupancy,Occupancy at end of quarter
Debt Service,Total Debt Service
Property Type,Property Description
Rate Type,Rate Type
Index,Rate Index
Lender,Mortgage Lender
Market Value,Valuation Dec-2020
Property Type,Property Type
Units,Units
Acquisition Date,Acquisiton Year
LTV,Loan-To-Value
Address,Property Address
DSCR,Debt Service Ratio
Index,Interest Rate Index
Acquisition Date,Origination
Current Balance,Outstanding Loan(s)
Current Balance,Outstanding Debt
Loan Amount,Orig. Loan Amount
Debt Service,Debt Service Calculation
Market Value,Valuation Dec-2020
DSCR,Total DCR
Property Name,Building Name/Number
DSCR,DSC
LTV,Loan To Value
Property Type,Type
Property Name,Property ID
DSCR,DSCR
Acquisition Date,Owned Since
City,Town
Maturity Date,Due Date (year)
Debt Service,Annual Debt Service
Market Value,Borrower Started Value
City,Property City
Spread,Spread
Property Type,Asset Type
Square Feet,Square Feet
Property Name,Building Name
Maturity Date,Maturity Date(s)
Property Type,Property Description
State,Territory
Property Name,Building Name/Number
Property Type,Type
LTV,Loan-To-Value
DSCR,Debt Coverage Ratio
Market Value,Valuation Dec-2020
Square Feet,Sq. Footage
Occupancy,Physical Occupancy
Property Type,Property Type
Rate Type,Type
DSCR,Debt Service Coverage
Current Balance,OPB (1/31/2022)
Lender,Lender(s)
Address,Property Location
State,Location
All-In Rate,All-in
DSCR,Total DSCR
Lender,Mortgage Lender
NOI,Current Net Operating Income
NOI,"12/31/2020 NOI (Per Collier's Valuation), NOI  (Period Ending YTD 2022)"
Property Name,Building
Maturity Date,Maturation Date
NOI,Net Operating Income
Maturity Date,Date of Maturity
Debt Service,Total Debt Service
Units,Units
Current Balance,Outstanding Loan Amount
Units,Units/ Sq. Ft.
Acquisition Date,Year Originated
Debt Service,Debt Service Value
Occupancy,% Occupied
Address,Street Location
City,Town
Property Name,Property
Spread,Spread
Debt Service,Combined Annual Debt Service
Property Name,Building
Lender,Mortgage Lender
Acquisition Date,Origination
Acquisition Date,Date of Acquisition
LTV,LTV
Property Type,Type
Rate Type,Rate Type
City,Location
Loan Amount,Total Loan(s)
Property Name,Building Name
Current Balance,Balance of Mortgages
Lender,Lender
All-In Rate,All-In
Debt Service,2022 Total Debt Service (Projected)
Occupancy,Occupancy
State,Providence
Spread,Credit Spread
LTV,Loan-To-Value
Property Type,Type of Community
Square Feet,Square Feet
Current Balance,Current Debt
Property Type,Property Type
Spread,Credit Spread
Maturity Date,Loan Matures
Units,Multifamily Units
NOI,2022 Net Operating Income (Projected)
Maturity Date,Maturation Date
DSCR,Debt Service Coverage
State,Location
Address,Street
LTV,Loan-To-Value
Square Feet,Sq. Footage
Occupancy,Occupancy
Occupancy,Current Occupancy
Maturity Date,Maturation Date
NOI,NOI (12/31/2021)
Index,Index
LTV,LTV
NOI,12/31/2020 NOI
Amort Start Date,Amort Start Date
LTV,LTV
Amort Start Date,Amortization Date
Debt Service,Combined Annual Debt Service
Units,Number of Units
LTV,LTV
Occupancy,Occupancy at end of quarter
Property Type,Property Description
Property Type,Property Description
Property Type,Asset Type
Market Value,Market Total Value
Lender,Lender (Servicer)
Debt Service,Debt Service Value
Lender,Lender
Index,Index
Index,Rate Index
Property Name,Property Name
Occupancy,Occ. %
Lender,Mortgage Holder
Market Value,Borrower Started Value
Debt Service,Total Debt Service
State,ST
Rate Type,Fixed/Variable
Address,Property Location
Rate Type,Type of Loan
Units,Units/ Sq. Ft.
NOI,12/31/2020 NOI
Loan Amount,Total Loan(s)
Current Balance,Outstanding Loan(s)
Acquisition Date,Acquisiton Year
Index,Rate Index
Rate Type,Fixed / Variable
Loan Amount,Loan Amount
Debt Service,Annual Debt Service
Current Balance,Outstanding Debt
Maturity Date,Final Maturity
State,Property State
Loan Amount,Total Commitment
LTV,LTV
State,Providence
Debt Service,Debt Service
Current Balance,Principal Balance as of 12/31/21
DSCR,DCR
Occupancy,Occupancy
Debt Service,Debt Service Calculation
Maturity Date,Loan Matures
Acquisition Date,Acquired
Market Value,Value
Lender,Lender(s)
Square Feet,SF/Units
All-In Rate,Current Rate
Spread,Credit Spread
All-In Rate,All-In
LTV,Loan-To-Value
Loan Amount,Origional Balance
All-In Rate,Rate
DSCR,DCR
DSCR,Total DSCR
Square Feet,Square Footage
NOI,Current N.O.I.
Loan Amount,Origional Balance
Index,Index
All-In Rate,Current Rate
Loan Amount,Loan Amount
Square Feet,SF / # of Units
Maturity Date,Loan Matures
Maturity Date,Maturation Date
Index,Rate Index
Debt Service,Debt Service Calculation
Rate Type,Interest Rate Type
Index,Rate Index
All-In Rate,All In
All-In Rate,Interest
Rate Type,Loan Type
Spread,Credit Spread
Debt Service,Debt Service Total
State,State
DSCR,Total DSCR
Property Type,Asset Type
Acquisition Date,Owned Since
Current Balance,Mortgage Outstanding
Spread,Credit Spread
Loan Amount,Origional Balance
Property Name,Building
All-In Rate,Current Rate
Acquisition Date,Origination
City,Property City
NOI,"12/31/2020 NOI (Per Collier's Valuation), NOI  (Period Ending YTD 2022)"
Address,Full Property Address
Square Feet,Sq. Feet
Amort Start Date,Amort Date
NOI,Net Rental Income
Lender,Lender Name
NOI,Current N.O.I.
State,ST
All-In Rate,Interest Rate (at 12/31/21)
Property Name,Building
Amort Start Date,Amort Start Date
Market Value,Borrower Started Value
NOI,Current Net Operating Income
Address,Street Address
Spread,Spread
Lender,Lender
Address,Property Street Address
Property Type,Type
Property Type,Type
Square Feet,SF/Units
LTV,Loan To Value
Lender,Mortgage Holder
City,Location
City,Property City
Lender,"Lender Name (Confirm if Fannie or Freddie, where applicable)"
Units,Multifamily Units (#)
Index,Index
Amort Start Date,Amortization Start Date
DSCR,DSCR
State,State
Index,Rate Index
NOI,"12/31/2020 NOI (Per Collier's Valuation), NOI  (Period Ending YTD 2022)"
Occupancy,Occupancy
Market Value,PWC Value
Spread,Spread
Loan Amount,Orig. Loan Amount
Occupancy,Occupancy at end of quarter
Debt Service,Debt Service Total
Amort Start Date,Amort.
Amort Start Date,Amort.
Property Type,Type of Community
NOI,2022 Net Operating Income (Projected)
State,Territory
Spread,Credit Spread
All-In Rate,All In
Loan Amount,Orig. Loan Amount
Debt Service,Combined Annual Debt Service
Lender,Mortgage Holder
All-In Rate,Interest Rate
City,Town
Spread,Spread
Lender,"Lender Name (Confirm if Fannie or Freddie, where applicable)"
DSCR,DSCR
Occupancy,% Occupied
All-In Rate,All In Rate
Debt Service,Debt Service Value
Occupancy,Occupancy at end of quarter
Property Name,Debt ID
Debt Service,2022 Total Debt Service (Projected)
Units,#units
Index,Interest Rate Index
Units,# Units / SF
Debt Service,Combined Annual Debt Service
Property Name,Name
Acquisition Date,Acquisiton Year
Square Feet,Square Footage
Current Balance,Outstanding Debt
Spread,Credit Spread
Occupancy,Occupancy Status
All-In Rate,All-In Rate
Address,Full Property Address
Debt Service,Total Debt Service
Property Type,Description
Property Name,Property Name
Rate Type,Rate Type
Occupancy,Occ. %
All-In Rate,Interest Rate (at 12/31/21)
NOI,NOI  (Period Ending YTD)
Market Value,MV
Occupancy,Occupancy at end of quarter
Maturity Date,Final Maturity
Lender,Lender (Servicer)
City,Property City
State,Property State
Property Name,Property Number
Maturity Date,Due Date
DSCR,Debt Coverage
Debt Service,Annual Debt Service
Spread,Credit Spread
State,ST
Acquisition Date,Origination Date
State,ST
Occupancy,% Occupancy
Market Value,Full Market Value
LTV,LTV
Index,Rate Index
Debt Service,Annual Debt Service
Index,Interest Rate Index
Occupancy,Occupancy Status
Acquisition Date,Year of Initial Ownership
Spread,Spread
Rate Type,Fixed or Floating
Rate Type,Fixed or Floating
Debt Service,Debt Service Total
Property Name,Building Number
DSCR,Debt Coverage Ratio
LTV,Loan-To-Value
Square Feet,SF / # of Units
Units,Multifamily Units
DSCR,Debt Coverage
All-In Rate,All In Rate
Market Value,MV
Maturity Date,Maturity
Spread,Credit Spread
Square Feet,Sq. Footage
LTV,Loan To Value
State,Location
Address,Property Street Address
Spread,Credit Spread
DSCR,DSCR
Rate Type,Rate Type
Index,Interest Rate Index
Current Balance,Principal Balance as of 12/31/21
NOI,NOI  (Period Ending YTD)
Occupancy,% Occupied
Occupancy,Occupancy at end of quarter
Lender,Lender(s)
Rate Type,Interest Rate Type
Square Feet,Sq. Feet
Current Balance,OPB (1/31/2022)
Index,Index
Spread,Spread
Address,Property Location
State,State
LTV,LTV
Address,Address
DSCR,DSCR
Property Name,Property
Property Type,Description
Rate Type,Structure
Property Name,Building
Amort Start Date,Amortization Start
Index,Rate Index
Debt Service,Annual Debt Service
NOI,NOI (12/31/2021)
Rate Type,Rate Type
Property Type,Type
Rate Type,Type of Interest Rate
Property Type,Type of Property
Loan Amount,Orig. Loan Amount
Market Value,Market Total Value
Maturity Date,Loan Matures
Current Balance,OPB (1/31/2022)
All-In Rate,All-in
Occupancy,Physical Occupancy
State,Providence
Spread,Spread
NOI,2022 Net Operating Income (Projected)
Property Type,Type
Property Type,Type of Community
Acquisition Date,Acquisition Date
Property Name,Building Name/Number
Address,Property Address
Acquisition Date,Acquistion
Market Value,Value
Rate Type,Fixed / Variable
Market Value,Internal Valuation
Index,Index
Address,Property Location
DSCR,Total DCR
State,Location
Units,Number of Units
State,Property State
Acquisition Date,Acquisition Date (yr)
Occupancy,Current Occupancy (%)
Spread,Spread
All-In Rate,All-in
Rate Type,Type
Amort Start Date,Amort.
Occupancy,Current Occupancy
Amort Start Date,Amortization Start
Maturity Date,Due Date
Lender,Mortgage Holder
State,State
Index,Rate Index
Current Balance,Current Loan Balance
Index,Interest Rate Index
Debt Service,Total Debt Service
DSCR,Total DCR
LTV,LTV
Market Value,PWC Value
Maturity Date,Due Date (year)
Property Type,Description
Square Feet,SF / # of Units
NOI,Current NOI
City,Property City
Amort Start Date,Amortization Start Date
Market Value,Valuation Dec-2020
Property Type,Type of Property
Market Value,Internal Valuation
Loan Amount,OG Loan Amount
Address,Full Property Address
Market Value,Value
Rate Type,Loan Type
Lender,Mortgage Holder
Market Value,Valuation Dec-2020
Index,Index
Loan Amount,OG Loan Amount
Lender,Mortgage Lender
NOI,NOI (12/31/2021)
Units,#units
Property Type,Type of Community
Index,Rate Index
Maturity Date,Maturity Date(s)
Spread,Credit Spread
Property Type,Asset Type
DSCR,Debt Service Coverage
Debt Service,Debt Service
City,City
Current Balance,Current Amount
Loan Amount,Total Loan
Index,Index
Lender,Lender Name
State,Property State
Square Feet,Square Feet
Debt Service,Debt Service Value
Debt Service,Annual Debt Service
Rate Type,Structure
City,City
Spread,Credit Spread
Acquisition Date,Acquisiton Year
NOI,Net Income
Debt Service,Debt Service Value
Square Feet,Feet
Rate Type,Rate Type
Square Feet,Sq. Feet
State,Property State
LTV,LTV
City,Town
Address,Property Location
All-In Rate,All-In
Index,Index
Rate Type,Type
DSCR,Debt Coverage Ratio
LTV,LTV
DSCR,Debt Coverage
All-In Rate,All In
Market Value,MV
Property Name,Property ID
NOI,2022 Net Operating Income (Projected)
Address,Property Street Address
Address,Property Street Address
State,State
Square Feet,Sq. Ft.
Lender,Lender (Servicer)
Property Name,Property Name
Market Value,PWC Value
Property Type,Asset Type
Index,Index
Rate Type,Fixed or Floating
Amort Start Date,Amortization Start Date
Rate Type,Fixed / Variable
Index,Index
Occupancy,% Occupied
Lender,Lender(s)
State,State
Amort Start Date,Amortization Start Date
Debt Service,Total Debt Service
Acquisition Date,Date of Acquisition
Occupancy,% Occupied
DSCR,Total DSCR
Current Balance,Outstanding Debt
Debt Service,Debt Service
Acquisition Date,Acquired
Units,# Units / SF
Loan Amount,Orig. Loan Amount
Square Feet,SF / # of Units
Debt Service,Debt Service Calculation
Occupancy,Occupancy
Lender,"Lender Name (Confirm if Fannie or Freddie, where applicable)"
Acquisition Date,Date Acquired
Current Balance,OPB (1/31/2022)
Market Value,Market Value
Maturity Date,Maturation Date
Debt Service,Debt Service Value
Address,Address
Amort Start Date,Amort Start Date
Maturity Date,Due Date (year)
Address,Street Location
Lender,Lender (Servicer)
Property Type,Property Description
Debt Service,Debt Service
Maturity Date,Due Date (year)
Rate Type,Type of Interest Rate
Acquisition Date,Origination Date
Amort Start Date,Amort.
DSCR,DSCR
Current Balance,Balance of Mortgages
Address,Property Location
All-In Rate,All-In
Debt Service,2022 Total Debt Service (Projected)
City,Town
LTV,Loan-To-Value
State,Territory
Property Name,Property
Amort Start Date,Amort.
Amort Start Date,Amortization Start Date
Acquisition Date,Acquired
Address,Address
Debt Service,Total Debt Service
Index,Index
Rate Type,Interest Rate Type
Debt Service,Annual Debt Service
Units,# Units / SF
Amort Start Date,Amort Start Date
Units,Unit Count
Amort Start Date,Amort Start
Square Feet,Square Feet
Maturity Date,Maturity Date
Acquisition Date,Owned Since
All-In Rate,All-in
Market Value,Valuation Dec-2020
Units,#units
DSCR,Total DCR
Market Value,Value
City,Location
All-In Rate,Interest Rate (at 12/31/21)
Spread,Spread
Debt Service,Debt Service Total
State,Territory
All-In Rate,Interest
Address,Street Address
Address,Location
Units,Units / Sq. Ft.
Address,Property Address
DSCR,Debt Service Ratio
Lender,Mortgage Lender
Property Name,Building Name
Property Name,Name
Spread,Credit Spread
DSCR,Total DCR
Property Name,Name
NOI,"12/31/2020 NOI (Per Collier's Valuation), NOI  (Period Ending YTD 2022)"
LTV,LTV
Square Feet,Sq. Ft.
Address,Full Property Address
DSCR,DSCR
Index,Interest Rate Index
Current Balance,Mortgage Liens as of 
All-In Rate,All-In
Index,Interest Rate Index
LTV,Loan-To-Value
Address,Address
NOI,Current Net Operating Income
Lender,Lender Name
Units,Unit Count
All-In Rate,Interest Rate
Lender,Lender (Servicer)
Property Type,Property Type
Occupancy,Occ. %
Occupancy,Current Occupancy (%)
Address,Property Location
Units,Number of Units
Property Name,Building Number
Loan Amount,Loan Amount
Occupancy,Occupancy at end of quarter
Occupancy,Occupancy at end of quarter
Square Feet,Sq. Feet
Address,Street Address
City,City
Current Balance,Current Balance
NOI,NOI (12/31/2021)
Index,Rate Index
Debt Service,Debt Service Total
Rate Type,Rate Type
Market Value,MV
Property Type,Type
NOI,Net Operating Income
Loan Amount,Loan Amount
Acquisition Date,Origination
State,State
Rate Type,Type of Loan
All-In Rate,Interest Rate
Property Name,Legal Name
Market Value,Market Value
Rate Type,Fixed/Variable
NOI,Current Net Operating Income
Spread,Spread
Lender,Mortgage Holder
Acquisition Date,Acquired
Lender,Lender
Square Feet,Sq. Feet
Index,Index
Loan Amount,Total Loan
LTV,Loan To Value
NOI,Current NOI
Acquisition Date,Acquisiton Year
Debt Service,Debt Service Calculation
Property Type,Asset Type
Current Balance,Principal Balance
State,State
Spread,Credit Spread
All-In Rate,All-In
Loan Amount,Total Loan
Debt Service,Debt Service Value
Spread,Spread
Amort Start Date,Amort Start Date
Property Type,Prop. Type
Occupancy,Occupancy
Spread,Spread
Occupancy,Occupancy Status
Market Value,Full Market Value
Acquisition Date,Acquisiton Year
Property Name,Building
City,City
NOI,Net Income
Market Value,Borrower Started Value
Occupancy,Occ. %
City,Town
DSCR,Debt Coverage Ratio
Index,Rate Index
City,Town
Index,Index
Current Balance,Balance as of *
DSCR,DSC
Market Value,Value
Market Value,MV
Debt Service,2022 Total Debt Service (Projected)
Loan Amount,Orig. Loan Amt.
Current Balance,Principal Balance as of 12/31/21
Debt Service,Debt Service Value
Address,Address
All-In Rate,All In Rate
Amort Start Date,Amort Start
Loan Amount,Total Loan
Debt Service,Debt Service Calculation
Lender,Mortgage Holder
Current Balance,Outstanding Loan(s)
State,Territory
Market Value,MV
NOI,2022 Net Operating Income (Projected)
City,Location
Property Type,Property Type
Current Balance,Balance as of *
Loan Amount,Total Loan Amount
Index,Interest Rate Index
All-In Rate,Rate
Loan Amount,Total Loan
Property Name,Building
State,Location
Lender,Lender(s)
State,State
Current Balance,Principal Balance
Units,#units
City,Property City
Units,Units
City,City
Address,Property Address
Property Name,Property Name
NOI,12/31/2020 NOI
Acquisition Date,Acq. Date Cost
Index,Index
Address,Location
Acquisition Date,Acquisition Date
Rate Type,Fixed or Floating
Current Balance,Outstanding Principal
Property Name,Building Name
Current Balance,OPB
Rate Type,Fixed or Floating
Address,Street
Index,Interest Rate Index
Market Value,Market Total Value
Loan Amount,Orig. Loan Amount
Rate Type,Type of Rate
State,Location
Amort Start Date,Amortization Date
Spread,Credit Spread
Rate Type,Loan Type
Acquisition Date,Acquired
State,ST
Lender,Lender(s)
Spread,Spread
Square Feet,Sq. Footage
Amort Start Date,Amortization Date
State,State
DSCR,Debt Service Coverage
DSCR,Debt Service Ratio
NOI,"12/31/2020 NOI (Per Collier's Valuation), NOI  (Period Ending YTD 2022)"
Spread,Credit Spread
Address,Property Address
Occupancy,Occ. %
Loan Amount,Origional Balance
Units,Units/ Sq. Ft.
NOI,N.O.I.
State,State
Current Balance,Outstanding Debt
NOI,2022 Net Operating Income (Projected)
LTV,Loan-To-Value
LTV,Loan To Value
NOI,Net Operating Income
Lender,Mortgage Holder
Acquisition Date,Owned Since
All-In Rate,Current Rate
Current Balance,Outstanding
DSCR,DSCR
Market Value,Full Market Value
Units,Units
Occupancy,Occ. %
Property Name,Property
All-In Rate,All-In Rate
Index,Interest Rate Index
All-In Rate,All-in
Occupancy,Occupancy %
Market Value,Internal Valuation
Square Feet,Sq. Ft.
All-In Rate,Interest
Units,Number of Units
City,Location
DSCR,DCR
All-In Rate,Current Rate
Spread,Spread
Index,Interest Rate Index
Debt Service,Debt Service Calculation
NOI,Current N.O.I.
Address,Address
Property Type,Type of Community
Debt Service,Combined Annual Debt Service
Lender,Lender
State,Providence
Property Name,Debt ID
Maturity Date,Due Date
Square Feet,Square Feet
State,ST
DSCR,DSCR
Address,Address
Amort Start Date,Amort Date
City,Property City
Amort Start Date,Amort Start
Units,# of Units
Rate Type,Fixed/Variable
Amort Start Date,Commence Date
Property Name,Building Number
Acquisition Date,Acquired
Rate Type,Fixed / Variable
Amort Start Date,Amort.
Loan Amount,Origional Balance
Units,# of Units
Property Name,Building
State,Providence
Maturity Date,Date of Maturity
Maturity Date,Date of Maturity
Square Feet,Square Footage
Market Value,PWC Value
Loan Amount,Total Loan Amount
Amort Start Date,Amort Start
Square Feet,Feet
Market Value,PWC Value
Acquisition Date,Acquisition Date
Lender,Lender
Debt Service,Debt Service Value
Spread,Spread
Square Feet,Square Footage
Rate Type,Loan Type
Maturity Date,Due Date
LTV,LTV
Rate Type,Fixed/Variable
Square Feet,Square Feet
Loan Amount,Orig. Loan Amt.
Square Feet,SF/Units
Occupancy,Physical Occupancy
NOI,Net Operating Income
State,State
Square Feet,Square Footage
All-In Rate,Current Rate
Address,Street Address
City,City
Loan Amount,OG Loan Amount
All-In Rate,Current Rate
Property Type,Asset Type
NOI,12/31/2020 NOI
LTV,LTV
Occupancy,Physical Occupancy
DSCR,Total DCR
Debt Service,2022 Total Debt Service (Projected)
Address,Property Address
NOI,NOI (12/31/2021)
Units,Unit Count
Square Feet,Sq. Feet
Spread,Credit Spread
Units,Multifamily Units (#)
Debt Service,Annual Debt Service
Index,Rate Index
Rate Type,Floating (Y/N)
LTV,LTV
Amort Start Date,Amortization Start Date
All-In Rate,All-In Rate
Address,Street Location
Address,Street
Rate Type,Fixed / Variable
Property Name,Property Name
Occupancy,Current Occupancy (%)
Lender,Lender
Property Type,Type
Address,Street Location
Debt Service,Debt Service Value
Index,Index
Debt Service,Debt Service Value
Property Type,Description
All-In Rate,All-In Rate
Loan Amount,Total Loan
Index,Index
Maturity Date,Date of Maturity
Lender,Lender Name
All-In Rate,Interest
Index,Rate Index
Loan Amount,OG Loan Amount
Acquisition Date,Year of Initial Ownership
Spread,Credit Spread
Rate Type,Fixed / Variable
Maturity Date,Loan Maturity Date
Rate Type,Type of Loan
Property Name,Property
Loan Amount,Total Commitment
DSCR,DCR
Loan Amount,Loan Amount
Index,Rate Index
Units,Multifamily Units
Debt Service,Annual Debt Service
All-In Rate,Interest Rate
Current Balance,Principal Balance
City,Town
Address,Street Address
State,Location
Rate Type,Type of Interest Rate
Property Type,Type of Property
State,Territory
NOI,Net Operating Income
Current Balance,Current Loan Balance
Market Value,MV
State,State
LTV,LTV
Address,Property Location
LTV,LTV
Acquisition Date,Acq. Date Cost
Address,Property Address
Loan Amount,Loan Amount
Maturity Date,Date of Maturity
LTV,LTV
State,State
Loan Amount,Origional Balance
State,Property State
Square Feet,Square Footage
State,Providence
Loan Amount,Loan Amount
Current Balance,Loan Balance
Property Type,Type of Community
Property Type,Type of Community
Market Value,Value
State,ST
Current Balance,Current Debt
Lender,Lender
Loan Amount,Total Loan Amount
Property Name,Property ID
NOI,Net Operating Income
Spread,Spread
Property Name,Name
City,City
Property Name,Debt ID
Spread,Credit Spread
Acquisition Date,Acquisition Date (yr)
Property Name,Name
Debt Service,Debt Service Total
Property Type,Description
LTV,LTV
DSCR,Debt Service Ratio
Debt Service,Combined Annual Debt Service
Loan Amount,OG Loan Amount
Current Balance,Loan Balance
Occupancy,Current Occupancy
Index,Interest Rate Index
Address,Property Street Address
NOI,2022 Net Operating Income (Projected)
Units,Unit Count
NOI,Net Rental Income
Lender,Lender
Current Balance,Outstanding Loan Amount
Property Name,Property Name
Lender,Lender(s)
Current Balance,Current Balance
Rate Type,Fixed/Variable
Square Feet,Feet
Address,Address
Property Type,Property Type
Spread,Credit Spread
Amort Start Date,Amortization Start Date
Units,Multifamily Units (#)
Maturity Date,Maturity
Maturity Date,Maturation Date
All-In Rate,Interest Rate (at 12/31/21)
Index,Interest Rate Index
Amort Start Date,Amort Start Date
Spread,Credit Spread
Address,Address
Address,Location
Debt Service,Total Debt Service
Maturity Date,Maturation Date
Index,Interest Rate Index
Address,Street Address
DSCR,DSCR
Spread,Spread
Acquisition Date,Origination Date
NOI,NOI
Units,Units / Sq. Ft.
Loan Amount,Original Loan Amount
Acquisition Date,Acquired
Property Type,Prop. Type
Index,Index
Address,Property Location
City,Town
Amort Start Date,Amortization Start Date
Lender,Lender Name
Square Feet,SF/Units
NOI,Current NOI
Maturity Date,Matures
Current Balance,Mortgage Liens as of 
Square Feet,Feet
Lender,Mortgage Lender
State,Property State
LTV,Loan-To-Value
State,Providence
Loan Amount,Orig. Loan Amount
Occupancy,Occupancy %
Address,Property Location
Maturity Date,Date of Maturity
Address,Location
Amort Start Date,Commence Date
Maturity Date,Maturation Date
Address,Full Property Address
Maturity Date,Final Maturity
LTV,Loan To Value
Market Value,Internal Valuation
State,State
State,Location
Occupancy,Occupancy %
DSCR,DCR
Rate Type,Type
Lender,Lender (Servicer)
Lender,"Lender Name (Confirm if Fannie or Freddie, where applicable)"
All-In Rate,Current Rate
Market Value,MV
NOI,NOI (12/31/2021)
Maturity Date,Due Date
NOI,NOI (12/31/2021)
Current Balance,Outstanding
Square Feet,Feet
Address,Address
Current Balance,Current Debt
Current Balance,Outstanding Principal
NOI,Current Net Operating Income
Lender,"Lender Name (Confirm if Fannie or Freddie, where applicable)"
Market Value,Value/Unit
Index,Rate Index
NOI,Net Income
Loan Amount,Orig. Loan Amt.
Loan Amount,Original Loan Amount
Occupancy,Occupancy at end of quarter
City,Town
Current Balance,Current Loan Balance
Lender,"Lender Name (Confirm if Fannie or Freddie, where applicable)"
Current Balance,Mortgage Outstanding
All-In Rate,All In
Current Balance,Current Loan Balance
Rate Type,Type
Rate Type,Type of Loan
City,Property City
Loan Amount,Total Loan Amount
All-In Rate,All In Rate
LTV,LTV
LTV,LTV
All-In Rate,Interest Rate
Amort Start Date,Amort Date
Spread,Credit Spread
Maturity Date,Maturity Date
Units,Multifamily Units (#)
Index,Rate Index
Maturity Date,Maturation Date
Lender,Lender
Spread,Spread
Amort Start Date,Amortization Start Date
Current Balance,Current Loan Balance
Debt Service,Annual Debt Service
Property Name,Building
Market Value,Valuation Dec-2020
Property Name,Building Name/Number
Lender,Mortgage Holder
Units,Units/ Sq. Ft.
All-In Rate,All In
DSCR,Debt Service Ratio
Units,Units
DSCR,Total DCR
Loan Amount,Origional Balance
Market Value,Market Value
All-In Rate,All-In
LTV,LTV
Spread,Credit Spread
Index,Index
Market Value,Market Value
City,Town
Debt Service,Debt Service Total
DSCR,Total DSCR
Current Balance,Mortgage Outstanding
Debt Service,Debt Service
Units,Units
Debt Service,Total Debt Service
Occupancy,Current Occupancy (%)
Property Type,Description
All-In Rate,All-In Rate
State,Territory
All-In Rate,All-in
Acquisition Date,Acq. Date Cost
Current Balance,Outstanding Loans
Property Name,Property Number
Market Value,MV
Property Type,Property Description
State,Territory
Rate Type,Interest Rate Type
Loan Amount,Orig. Loan Amount
Loan Amount,Original Loan Amount
Lender,Lender
Rate Type,Fixed / Variable
LTV,Loan-To-Value
Acquisition Date,Origination Date
State,State
NOI,Net Operating Income
Property Name,Building Number
Lender,Lender
State,Property State
Occupancy,Occupancy at end of quarter
Market Value,Value/Unit
Units,# of Units
Units,Multifamily Units (#)
All-In Rate,All-In Rate
State,Location
Rate Type,Fixed / Variable
Amort Start Date,Amort.
Rate Type,Fixed or Floating
State,ST
Maturity Date,Date Matures
All-In Rate,Rate
Address,Address
LTV,LTV
Square Feet,Sq. Feet
Spread,Credit Spread
State,ST
Debt Service,Debt Service Calculation
Maturity Date,Maturity
DSCR,Debt Service Coverage
Property Name,Debt ID
LTV,LTV
Market Value,Value/Unit
NOI,Current NOI
NOI,Current NOI
DSCR,Debt Coverage
Square Feet,SF/Units
NOI,NOI (12/31/2021)
Address,Location
Amort Start Date,Amort Start
Property Name,Property Name
Acquisition Date,Acquired
Current Balance,Mortgage Outstanding
Square Feet,Sq. Ft.
Address,Street Location
NOI,12/31/2020 NOI
Address,Location
Maturity Date,Loan Matures
NOI,Current N.O.I.
Units,Units/ Sq. Ft.
Units,Multifamily Units
Debt Service,Debt Service Value
Square Feet,Square Footage
Lender,Lender (Servicer)
Market Value,Borrower Started Value
NOI,Net Rental Income
Occupancy,Occupancy
State,Property State
NOI,NOI (12/31/2021)
Index,Interest Rate Index
Units,# Units / SF
City,Property City
Current Balance,Loan Balance
Square Feet,Sq. Ft.
Lender,Lender(s)
Property Type,Type of Property
Lender,Lender
All-In Rate,All In
LTV,LTV
Acquisition Date,Acq. Date Cost
Address,Full Property Address
DSCR,DCR
Lender,Lender(s)
Lender,Lender(s)
Property Name,Building Name/Number
Occupancy,% Occupied
Debt Service,Debt Service Value
Spread,Credit Spread
Property Name,Property Name
Acquisition Date,Origination Date
LTV,Loan-To-Value
Rate Type,Type of Loan
Lender,"Lender Name (Confirm if Fannie or Freddie, where applicable)"
Units,Multifamily Units
Amort Start Date,Amort Start
Rate Type,Floating (Y/N)
Address,Street Location
City,City
Amort Start Date,Commence Date
Amort Start Date,Commence Date
Debt Service,Debt Service Calculation
Acquisition Date,Owned Since
Amort Start Date,Amortization Date
Rate Type,Fixed / Variable
Maturity Date,Maturity Date(s)
Index,Interest Rate Index
Occupancy,Occupancy
Address,Address
Spread,Credit Spread
NOI,N.O.I.
Amort Start Date,Amort Start
Address,Street Location
Market Value,Market Total Value
Spread,Credit Spread
Debt Service,Debt Service Calculation
Spread,Credit Spread
Market Value,Valuation Dec-2020
Loan Amount,Loan Amount
State,Property State
Current Balance,Balance
Rate Type,Type of Loan
City,Location
Market Value,Value
Loan Amount,Total Commitment
Units,Units/ Sq. Ft.
Spread,Credit Spread
Property Type,Asset Type
State,ST
NOI,NOI
Occupancy,Physical Occupancy
Amort Start Date,Amort Start Date
Property Name,Building Name/Number
Occupancy,Occupancy Status
Lender,Lender
Debt Service,Combined Annual Debt Service
Property Type,Property Type
Amort Start Date,Amort Start
Maturity Date,Maturation Date
Units,#units
Market Value,MV
Units,Unit Count
Market Value,Valuation Dec-2020
Square Feet,SF / # of Units
Property Type,Description
Units,Number of Units
Square Feet,Sq. Footage
Amort Start Date,Amort.
Maturity Date,Maturity
Index,Interest Rate Index
Property Name,Property Name
NOI,Current NOI
Loan Amount,Total Loan
Current Balance,Balance as of *
LTV,LTV
Property Type,Property Description
Property Name,Property Number
Index,Index
LTV,LTV
Property Name,Building Name/Number
Maturity Date,Final Maturity
State,ST
DSCR,DCR
Debt Service,Combined Annual Debt Service
Amort Start Date,Amort.
All-In Rate,All-In Rate
NOI,N.O.I.
Current Balance,Outstanding Principal Balance
Loan Amount,Original Loan Amount
Lender,Lender (Servicer)
Address,Full Property Address
Address,Street Location
Amort Start Date,Amortization Start Date
Index,Rate Index
Address,Property Street Address
Spread,Credit Spread
Occupancy,% Occupied
Maturity Date,Maturation Date
Units,# Units / SF
Current Balance,OPB (1/31/2022)
Address,Address
Acquisition Date,Acquistion
Square Feet,Feet
State,Location
All-In Rate,Rate
Index,Index
Lender,"Lender Name (Confirm if Fannie or Freddie, where applicable)"
Market Value,Internal Valuation
Market Value,Market Total Value
Debt Service,Total Debt Service
Amort Start Date,Amortization Start Date
Index,Rate Index
Square Feet,Sq. Ft.
Occupancy,Occupancy at end of quarter
Acquisition Date,Acquisition Date (yr)
All-In Rate,All-in
Index,Rate Index
Loan Amount,Original Loan Amount
Units,Unit Count
Debt Service,Debt Service Total
Index,Index
Market Value,Market Total Value
NOI,N.O.I.
Property Name,Property ID
State,Providence
Maturity Date,Date Matures
City,Property City
Lender,"Lender Name (Confirm if Fannie or Freddie, where applicable)"
Lender,Mortgage Holder
Debt Service,Annual Debt Service
Spread,Spread
Occupancy,Occupancy Status
Market Value,PWC Value
Spread,Credit Spread
Debt Service,Combined Annual Debt Service
Lender,Mortgage Holder
Rate Type,Rate Type
Loan Amount,Orig. Loan Amt.
All-In Rate,All-In Rate
State,Location
Index,Interest Rate Index
Debt Service,2022 Total Debt Service (Projected)
Amort Start Date,Amortization Start Date
Spread,Credit Spread
Rate Type,Rate Type
Lender,Mortgage Lender
Market Value,Market Total Value
State,Location
Units,Units
Market Value,MV
Rate Type,Type
Units,Units
Debt Service,Debt Service Value
Market Value,Market Total Value
Address,Street Location
Maturity Date,Matures
Loan Amount,Origional Balance
Loan Amount,Orig. Loan Amt.
Debt Service,Total Debt Service
All-In Rate,Current Rate
Occupancy,Occupancy at end of quarter
DSCR,Debt Service Coverage
Address,Property Address
State,State
Occupancy,Occupancy at end of quarter
Property Name,Building
All-In Rate,Interest Rate (at 12/31/21)
NOI,NOI (12/31/2021)
Acquisition Date,Acquistion
LTV,LTV
Address,Street Location
Property Type,Property Type
Index,Interest Rate Index
Current Balance,Current Debt
Debt Service,Annual Debt Service
Maturity Date,Due Date (year)
Debt Service,Debt Service
Units,Multifamily Units (#)
City,City
Rate Type,Type of Rate
Occupancy,Current Occupancy
Current Balance,Mortgage Liens as of 
City,Town
Market Value,Full Market Value
Lender,Lender(s)
Property Type,Property Type
City,Location
Debt Service,Debt Service Calculation
Rate Type,Type of Rate
Square Feet,Sq. Ft.
State,Territory
Current Balance,OPB
State,State
Loan Amount,Total Loan Amount
Square Feet,Square Feet
Acquisition Date,Acquisition Date
All-In Rate,Current Rate
Rate Type,Type of Interest Rate
Amort Start Date,Amortization Start Date
Debt Service,Debt Service
Index,Interest Rate Index
Market Value,Valuation Dec-2020
All-In Rate,All-In
Units,Units
City,Property City
Debt Service,Debt Service Total
Occupancy,Occupancy at end of quarter
Address,Property Address
Amort Start Date,Amort Start
Occupancy,Current Occupancy
Loan Amount,Loan Amount
Amort Start Date,Amortization Date
Units,Unit Count
Lender,Mortgage Holder
Property Type,Type of Community
Property Type,Property Type
Property Type,Prop. Type
DSCR,Debt Service Ratio
Rate Type,Type of Interest Rate
DSCR,Debt Service Coverage
Index,Index
Spread,Credit Spread
State,Territory
NOI,N.O.I.
NOI,NOI  (Period Ending YTD)
Current Balance,Mortgage Outstanding
Lender,Lender (Servicer)
City,Town
Loan Amount,OG Loan Amount
DSCR,Debt Coverage Ratio
State,Territory
City,Property City
Address,Full Property Address
Acquisition Date,Date of Acquisition
Current Balance,Principal Balance as of 12/31/21
Lender,Lender Name
Current Balance,Balance of Mortgages
Amort Start Date,Amort.
NOI,Current N.O.I.
Rate Type,Fixed/Variable
Spread,Credit Spread
Loan Amount,Total Loan
Rate Type,Interest Rate Type
Maturity Date,Matures
DSCR,DSCR
Amort Start Date,Amort Start
City,Location
Rate Type,Fixed / Variable
Square Feet,Sq. Footage
Loan Amount,Orig. Loan Amt.
Lender,Mortgage Holder
Spread,Spread
Property Name,Name
Maturity Date,Date of Maturity
Spread,Spread
Occupancy,Occupancy at end of quarter
Amort Start Date,Amort Start
Units,Units / Sq. Ft.
Amort Start Date,Commence Date
Market Value,Valuation Dec-2020
Units,Units / Sq. Ft.
State,Property State
Maturity Date,Maturity
Address,Location
Maturity Date,Date of Maturity
DSCR,Debt Service Ratio
Property Name,Name
Current Balance,Current Loan Balance
LTV,LTV
Units,Units
All-In Rate,All In Rate
Property Name,Property Name
LTV,LTV
Occupancy,Occ. %
DSCR,DSC
Index,Interest Rate Index
Address,Street Address
Debt Service,Debt Service Calculation
NOI,NOI  (Period Ending YTD)
Acquisition Date,Year Originated
NOI,NOI  (Period Ending YTD)
Address,Property Street Address
Occupancy,% Occupancy
Property Type,Description
Rate Type,Interest Rate Type
Lender,Mortgage Holder
DSCR,Total DSCR
DSCR,DSC
Occupancy,% Occupancy
Market Value,Value
Property Name,Building
Amort Start Date,Amort Date
Acquisition Date,Acquisiton Year
NOI,Net Income
Current Balance,Outstanding Principal
DSCR,Debt Service Ratio
NOI,Net Operating Income
Spread,Spread
Market Value,PWC Value
Property Name,Building Name
Square Feet,Sq. Footage
Lender,Lender Name
All-In Rate,Interest Rate
Index,Rate Index
Acquisition Date,Date of Acquisition
Property Name,Property Name
Maturity Date,Matures
Lender,Mortgage Holder
Acquisition Date,Purchase Date
Market Value,Internal Valuation
All-In Rate,All-In Rate
Square Feet,Sq. Ft.
Amort Start Date,Amort Start Date
City,Town
DSCR,Total DSCR
Market Value,Valuation Dec-2020
City,City
Debt Service,Annual Debt Service
Property Name,Property Name
Debt Service,Debt Service Calculation
State,Providence
DSCR,Debt Coverage
Acquisition Date,Acquisiton Year
Loan Amount,Total Loan
Address,Property Street Address
Acquisition Date,Purchase Date
Acquisition Date,Acquisition Date (yr)
NOI,Net Income
Acquisition Date,Acquisiton Year
Current Balance,Outstanding Principal Balance
Index,Rate Index
Rate Type,Fixed or Floating
Loan Amount,Total Loan Amount
State,Territory
Current Balance,Current Balance
Market Value,PWC Value
Current Balance,Outstanding Debt (YE)
Lender,Lender Name
Debt Service,Combined Annual Debt Service
State,State
NOI,Current N.O.I.
Property Name,Building
Spread,Spread
Spread,Credit Spread
Current Balance,Balance of Mortgages
Property Type,Description
Address,Property Street Address
All-In Rate,Interest Rate
Units,Unit Count
Property Name,Building
Rate Type,Interest Rate Type
NOI,Current Net Operating Income
Debt Service,Debt Service Total
Occupancy,Occupancy
Market Value,Value
All-In Rate,Interest Rate (at 12/31/21)
Property Name,Property
Units,# of Units
Amort Start Date,Amort Start
Property Name,Name
Property Name,Debt ID
Units,Unit Count
LTV,Loan To Value
Market Value,Market Total Value
Amort Start Date,Amort Start
Maturity Date,Loan Matures
Debt Service,Total Debt Service
Loan Amount,Orig. Loan Amount
City,City
Occupancy,Occupancy
DSCR,DSC
Acquisition Date,Year Acquired
Rate Type,Type
Rate Type,Rate Type
NOI,"12/31/2020 NOI (Per Collier's Valuation), NOI  (Period Ending YTD 2022)"
City,Location
Lender,Lender
LTV,LTV
Occupancy,Occupancy %
LTV,Loan To Value
NOI,12/31/2020 NOI
All-In Rate,All In
Address,Property Street Address
State,ST
DSCR,Total DSCR
Amort Start Date,Amortization Date
Amort Start Date,Amort Date
Occupancy,Current Occupancy
Loan Amount,Orig. Loan Amount
Square Feet,SF / # of Units
NOI,NOI
LTV,Loan To Value
Units,Multifamily Units
City,City
Address,Street Address
Market Value,Market Total Value
Occupancy,Occupancy Status
Amort Start Date,Amortization Date
Occupancy,Current Occupancy
Units,Unit Count
Occupancy,Occupancy %
Current Balance,Mortgage Liens as of 
Square Feet,Square Feet
Maturity Date,Matures
NOI,Current NOI
Address,Address
Current Balance,Principal Balance
Units,Multifamily Units (#)
Current Balance,Outstanding Loan Amount
Current Balance,Mortgage Outstanding
Property Type,Prop. Type
DSCR,DSC
LTV,Loan To Value
Loan Amount,Origional Balance
Loan Amount,Original Loan Amount
LTV,LTV
City,Property City
Rate Type,Structure
Debt Service,2022 Total Debt Service (Projected)
Index,Index
Units,Multifamily Units
Amort Start Date,Amortization Date
Market Value,Internal Valuation
City,Town
Address,Property Address
City,Town
Property Name,Building
Property Name,Building
Spread,Spread
Property Type,Property Description
State,Property State
DSCR,Debt Coverage
NOI,Current NOI
Spread,Spread
State,ST
Loan Amount,Loan Amount
Debt Service,Debt Service Total
Index,Index
Loan Amount,OG Loan Amount
Index,Index
Current Balance,OPB
Amort Start Date,Amortization Start Date
Loan Amount,Original Loan Amount
NOI,NOI (12/31/2021)
Property Name,Building Name
Market Value,MV
Amort Start Date,Amortization Start
Market Value,PWC Value
Lender,Lender
LTV,Loan To Value
Amort Start Date,Amort Start
Index,Rate Index
Index,Index
City,City
Rate Type,Rate Type
Spread,Spread
Property Name,Building Number
Units,Units / Sq. Ft.
Maturity Date,Matures
Acquisition Date,Acquisition Date (yr)
Units,#units
LTV,LTV
Maturity Date,Maturity Date(s)
Acquisition Date,Origination
Property Name,Property Name
Rate Type,Structure
Acquisition Date,Date Acquired
LTV,Loan-To-Value
Current Balance,Outstanding Loan Amount
Maturity Date,Final Maturity
Lender,Lender
Debt Service,Debt Service Value
Lender,Lender Name
Maturity Date,Maturity Date(s)
LTV,LTV
Lender,Lender
Units,Unit Count
Occupancy,% Occupied
All-In Rate,Interest Rate (at 12/31/21)
LTV,LTV
DSCR,DCR
Market Value,PWC Value
Spread,Spread
Index,Index
LTV,Loan To Value
DSCR,Total DCR
Occupancy,Physical Occupancy
Property Type,Asset Type
NOI,Current NOI
Property Name,Property
Loan Amount,Total Loan
DSCR,Total DCR
Property Name,Property ID
Lender,Lender(s)
Units,Multifamily Units (#)
Rate Type,Interest Rate Type
Amort Start Date,Amort Start Date
Spread,Spread
State,Providence
Debt Service,Debt Service Value
NOI,Net Income
Market Value,MV
Index,Index
Property Type,Prop. Type
Lender,Mortgage Lender
NOI,Current Net Operating Income
State,Providence
Property Name,Legal Name
NOI,NOI
Maturity Date,Date Matures
Lender,Mortgage Lender
Maturity Date,Maturity
Units,Unit Count
State,Property State
Debt Service,Total Debt Service
NOI,2022 Net Operating Income (Projected)
Spread,Spread
DSCR,Debt Service Ratio
Market Value,Market Total Value
Acquisition Date,Acquisition Date
DSCR,Debt Service Coverage
Spread,Credit Spread
Amort Start Date,Amort Start Date
LTV,Loan To Value
NOI,12/31/2020 NOI
Lender,Lender
Debt Service,Total Debt Service
Square Feet,SF/Units
Square Feet,Feet
Market Value,Borrower Started Value
Spread,Spread
Spread,Spread
Index,Index
Address,Street
Amort Start Date,Amort Start Date
LTV,LTV
LTV,LTV
Occupancy,Current Occupancy
Units,#units
Debt Service,Debt Service Total
Lender,"Lender Name (Confirm if Fannie or Freddie, where applicable)"
NOI,Net Income
DSCR,Debt Service Coverage
Spread,Credit Spread
City,Location
Loan Amount,Total Loan
All-In Rate,Current Rate
Debt Service,Debt Service Total
State,Providence
Units,#units
Debt Service,Debt Service Total
Index,Interest Rate Index
NOI,"12/31/2020 NOI (Per Collier's Valuation), NOI  (Period Ending YTD 2022)"
Property Name,Name
Market Value,Value
LTV,Loan To Value
Property Name,Property ID
DSCR,Debt Coverage
Index,Index
State,Territory
Property Type,Prop. Type
Lender,Mortgage Lender
All-In Rate,All-in
City,Property City
Market Value,MV
Spread,Spread
NOI,Current NOI
Market Value,Valuation Dec-2020
Current Balance,Current Debt
Amort Start Date,Amort.
Property Type,Description
Acquisition Date,Year Originated
Address,Property Location
Maturity Date,Due Date (year)
State,Territory
Property Name,Legal Name
DSCR,Debt Service Coverage
All-In Rate,All-In
Address,Property Location
All-In Rate,All In
Occupancy,Current Occupancy (%)
Acquisition Date,Date of Acquisition
Current Balance,Current Loan Balance
Square Feet,Square Footage
Debt Service,Annual Debt Service
Amort Start Date,Amort Date
Occupancy,Current Occupancy
DSCR,Debt Service Ratio
Address,Full Property Address
Lender,Lender
Loan Amount,Orig. Loan Amt.
Index,Rate Index
Property Name,Building
Rate Type,Type
Square Feet,Sq. Ft.
Address,Property Location
Loan Amount,Loan Amount
Property Name,Building Name/Number
State,Providence
Spread,Spread
Debt Service,Combined Annual Debt Service
Property Type,Type of Community
Property Name,Building Name
Debt Service,Combined Annual Debt Service
Rate Type,Loan Type
Current Balance,Loan Balance
Maturity Date,Loan Matures
Debt Service,2022 Total Debt Service (Projected)
City,Location
Property Name,Property ID
Amort Start Date,Amort Date
Maturity Date,Matures
Property Type,Type
Property Type,Property Description
Amort Start Date,Commence Date
State,Providence
Acquisition Date,Purchase Date
City,Location
Loan Amount,Original Loan Amount
Maturity Date,Final Maturity
DSCR,DCR
Amort Start Date,Amort Start
City,Town
LTV,Loan To Value
Maturity Date,Maturation Date
State,Location
Occupancy,Current Occupancy (%)
Index,Interest Rate Index
Lender,"Lender Name (Confirm if Fannie or Freddie, where applicable)"
Property Name,Building Name/Number
Current Balance,Balance of Mortgages
Spread,Credit Spread
Debt Service,Total Debt Service
City,Property City
Lender,"Lender Name (Confirm if Fannie or Freddie, where applicable)"
Rate Type,Floating (Y/N)
NOI,"12/31/2020 NOI (Per Collier's Valuation), NOI  (Period Ending YTD 2022)"
Maturity Date,Date Matures
Rate Type,Structure
Property Type,Property Type
Acquisition Date,Acquisition Date
Debt Service,Annual Debt Service
LTV,Loan To Value
Property Name,Property Name
Property Type,Property Description
City,Location
State,Providence
Index,Rate Index
Property Type,Description
Occupancy,Occupancy %
Debt Service,Debt Service Calculation
Occupancy,Occupancy Status
Acquisition Date,Year Originated
Units,Number of Units
State,State
Spread,Spread
Index,Interest Rate Index
Loan Amount,Total Loan(s)
Property Type,Prop. Type
Occupancy,Current Occupancy
Property Type,Prop. Type
Square Feet,Sq. Ft.
DSCR,Debt Service Ratio
Property Type,Type of Community
DSCR,DSCR
Address,Property Street Address
Occupancy,Occupancy %
Units,Unit Count
Address,Street
All-In Rate,All In
Spread,Spread
Lender,Mortgage Holder
Amort Start Date,Commence Date
Spread,Spread
Debt Service,Total Debt Service
Square Feet,Feet
State,ST
DSCR,Total DCR
Spread,Credit Spread
Index,Rate Index
Maturity Date,Maturity Date
Occupancy,Occupancy Status
Acquisition Date,Acq. Date Cost
Index,Index
Maturity Date,Loan Matures
Spread,Spread
Address,Full Property Address
DSCR,Debt Service Coverage
Lender,Lender (Servicer)
Rate Type,Type
Amort Start Date,Amort Start Date
Property Type,Asset Type
Amort Start Date,Commence Date
Loan Amount,Loan Amount
Property Type,Type of Community
Loan Amount,Orig. Loan Amount
Property Name,Property Number
Acquisition Date,Origination
NOI,NOI  (Period Ending YTD)
Lender,Lender (Servicer)
Index,Rate Index
Units,Units / Sq. Ft.
Property Type,Property Type
All-In Rate,Current Rate
LTV,LTV
Units,# of Units
Lender,Lender
NOI,"12/31/2020 NOI (Per Collier's Valuation), NOI  (Period Ending YTD 2022)"
Debt Service,Debt Service Calculation
Acquisition Date,Acquisition Date
Units,Units / Sq. Ft.
Market Value,Value
All-In Rate,All-In Rate
Debt Service,Combined Annual Debt Service
Property Type,Type
Market Value,PWC Value
LTV,LTV
Lender,Mortgage Lender
Occupancy,% Occupied
Units,Units
NOI,2022 Net Operating Income (Projected)
City,Location
DSCR,Total DSCR
Spread,Credit Spread
Rate Type,Fixed or Floating
Debt Service,Debt Service Total
NOI,NOI
State,ST
State,Providence
Current Balance,Loan Balance
Square Feet,Feet
Maturity Date,Loan Maturity Date
Market Value,Market Value
Debt Service,Debt Service Calculation
All-In Rate,All-In Rate
DSCR,DCR
Property Name,Property Number
Market Value,Market Total Value
Debt Service,Debt Service Total
Property Name,Building Number
Square Feet,Square Footage
State,Location
Property Name,Building
Amort Start Date,Amort Start
Lender,Lender
Index,Index
Occupancy,% Occupied
Rate Type,Rate Type
Maturity Date,Maturation Date
Debt Service,2022 Total Debt Service (Projected)
State,ST
Index,Index
All-In Rate,All-In
Square Feet,Feet
Lender,Lender
Property Type,Type of Community
LTV,LTV
Market Value,Value/Unit
Units,Multifamily Units
Index,Interest Rate Index
Occupancy,Current Occupancy (%)
DSCR,DSCR
Square Feet,Square Feet
City,Location
Spread,Spread
Loan Amount,OG Loan Amount
NOI,"12/31/2020 NOI (Per Collier's Valuation), NOI  (Period Ending YTD 2022)"
Property Type,Description
State,Location
Property Name,Property Number
Square Feet,Sq. Ft.
Amort Start Date,Amortization Date
Rate Type,Type
DSCR,Debt Service Ratio
Acquisition Date,Acquisition Date
Acquisition Date,Year Originated
Acquisition Date,Origination Date
NOI,12/31/2020 NOI
Units,Unit Count
LTV,Loan To Value
LTV,LTV
Lender,"Lender Name (Confirm if Fannie or Freddie, where applicable)"
Property Name,Property
State,Location
Occupancy,Occupancy Status
Occupancy,Occupancy
Index,Index
Units,#units
Property Type,Prop. Type
Property Type,Type of Property
Units,Multifamily Units (#)
NOI,2022 Net Operating Income (Projected)
Address,Full Property Address
Index,Rate Index
Square Feet,Sq. Ft.
Maturity Date,Maturation Date
Rate Type,Rate Type
Property Name,Property Name
Units,Unit Count
DSCR,Debt Coverage Ratio
NOI,"12/31/2020 NOI (Per Collier's Valuation), NOI  (Period Ending YTD 2022)"
Maturity Date,Maturity Date
Current Balance,Outstanding Principal
Loan Amount,Total Loan
DSCR,Debt Coverage
Property Name,Property ID
NOI,NOI  (Period Ending YTD)
NOI,Net Operating Income
Square Feet,Sq. Ft.
Lender,Lender Name
Amort Start Date,Amortization Start Date
State,Territory
Acquisition Date,Year of Initial Ownership
Address,Property Location
Current Balance,Balance as of *
State,Location
All-In Rate,Current Rate
Maturity Date,Matures
Debt Service,Debt Service Value
Loan Amount,Orig. Loan Amount
Square Feet,Square Feet
Acquisition Date,Year Acquired
State,Territory
State,Territory
Occupancy,Occupancy
NOI,Current NOI
Acquisition Date,Purchase Date
Maturity Date,Due Date
Market Value,Value
LTV,Loan To Value
Index,Interest Rate Index
Property Type,Description
City,City
Square Feet,SF / # of Units
LTV,LTV
NOI,Net Rental Income
Occupancy,Occupancy at end of quarter
LTV,Loan-To-Value
Current Balance,Current Debt
Occupancy,Occupancy Status
City,Property City
Lender,"Lender Name (Confirm if Fannie or Freddie, where applicable)"
Rate Type,Fixed/Variable
Units,#units
Property Name,Building Name/Number
Property Type,Property Description
State,ST
Rate Type,Type of Interest Rate
City,Location
Property Name,Property
DSCR,Debt Service Coverage
NOI,Net Rental Income
Rate Type,Fixed/Variable
Lender,Mortgage Holder
Square Feet,SF/Units
All-In Rate,All-In Rate
Occupancy,Physical Occupancy
Property Name,Property Name
DSCR,DCR
LTV,LTV
Rate Type,Loan Type
Current Balance,Balance as of *
Current Balance,Outstanding Principal
LTV,LTV
City,Town
Market Value,Market Value
Property Name,Building Name/Number
Acquisition Date,Acquired
Occupancy,Occupancy
Rate Type,Type of Loan
Market Value,Borrower Started Value
Rate Type,Fixed / Variable
Property Name,Property
DSCR,Total DSCR
Spread,Credit Spread
Debt Service,Debt Service Calculation
NOI,Net Income
Spread,Spread
Rate Type,Fixed/Variable
Occupancy,Physical Occupancy
DSCR,Debt Service Ratio
Amort Start Date,Amortization Start
LTV,LTV
Occupancy,% Occupancy
Property Name,Legal Name
DSCR,Debt Coverage Ratio
Amort Start Date,Amort Start Date
Address,Street
Acquisition Date,Purchase Date
Current Balance,Balance
Address,Street
Market Value,Market Total Value
State,Location
Loan Amount,Orig. Loan Amt.
Index,Rate Index
Rate Type,Type of Loan
Address,Property Street Address
Lender,Lender (Servicer)
Property Name,Building
Current Balance,Current Debt
City,City
Spread,Credit Spread
LTV,Loan To Value
DSCR,DSCR
Loan Amount,OG Loan Amount
LTV,LTV
LTV,Loan To Value
Loan Amount,Original Loan Amount
Lender,Lender (Servicer)
NOI,Current NOI
DSCR,DSCR
Index,Index
Property Name,Building Name/Number
Current Balance,OPB (1/31/2022)
Property Name,Building Name/Number
Units,Units/ Sq. Ft.
Square Feet,SF / # of Units
State,Location
Square Feet,SF/Units
Loan Amount,Orig. Loan Amt.
Current Balance,Current Debt
Index,Interest Rate Index
Debt Service,Debt Service
Acquisition Date,Origination
State,Location
Rate Type,Structure
Occupancy,Occupancy
Property Name,Property Name
Current Balance,Principal Balance as of 12/31/21
Index,Interest Rate Index
Square Feet,Square Feet
Square Feet,SF / # of Units
Amort Start Date,Amort Start
Units,Multifamily Units
Units,Unit Count
Loan Amount,Origional Balance
Maturity Date,Loan Matures
Rate Type,Structure
Occupancy,Occupancy at end of quarter
Maturity Date,Loan Maturity Date
Acquisition Date,Year Acquired
Property Name,Property Name
Occupancy,Occupancy Status
Spread,Credit Spread
Current Balance,Mortgage Outstanding
Address,Street
Property Type,Type of Community
Occupancy,Current Occupancy
LTV,LTV
Index,Rate Index
Address,Property Street Address
Spread,Spread
Square Feet,Square Footage
Units,Units / Sq. Ft.
Acquisition Date,Year Originated
Square Feet,SF/Units
Occupancy,Current Occupancy (%)
NOI,NOI
Market Value,Internal Valuation
Lender,Lender Name
Maturity Date,Maturity
City,Property City
Market Value,Value
State,Providence
LTV,Loan To Value
Square Feet,Sq. Ft.
Current Balance,Loan Balance
LTV,LTV
Index,Interest Rate Index
State,Providence
Occupancy,Occupancy at end of quarter
Maturity Date,Due Date (year)
Rate Type,Structure
Occupancy,Occupancy at end of quarter
Market Value,Market Value
State,ST
Property Name,Property Name
Maturity Date,Final Maturity
LTV,Loan-To-Value
Address,Location
State,Providence
Loan Amount,Orig. Loan Amount
City,Property City
Spread,Credit Spread
Index,Index
Debt Service,Total Debt Service
DSCR,Debt Service Ratio
Current Balance,Outstanding Debt
Property Name,Building Name/Number
Occupancy,Physical Occupancy
State,State
Address,Street Address
Spread,Spread
NOI,"12/31/2020 NOI (Per Collier's Valuation), NOI  (Period Ending YTD 2022)"
NOI,Net Operating Income
DSCR,Debt Coverage
Spread,Credit Spread
Lender,Lender(s)
Index,Interest Rate Index
Square Feet,Sq. Footage
NOI,12/31/2020 NOI
NOI,2022 Net Operating Income (Projected)
Lender,Lender(s)
All-In Rate,Current Rate
NOI,Current Net Operating Income
Market Value,Market Value
Square Feet,Square Feet
Lender,Lender Name
Square Feet,Sq. Footage
Debt Service,Debt Service Total
LTV,Loan To Value
Loan Amount,Orig. Loan Amount
Property Name,Building Name/Number
All-In Rate,All In Rate
Acquisition Date,Acquisition Date
Square Feet,SF / # of Units
Loan Amount,Origional Balance
Maturity Date,Due Date (year)
Units,Units/ Sq. Ft.
Spread,Spread
Current Balance,Principal Balance as of 12/31/21
State,State
Maturity Date,Due Date
Rate Type,Floating (Y/N)
DSCR,Debt Service Ratio
Market Value,Valuation Dec-2020
Loan Amount,Total Commitment
Amort Start Date,Amort.
Lender,Mortgage Holder
Amort Start Date,Amort Start
Loan Amount,Origional Balance
Loan Amount,Original Loan Amount
Amort Start Date,Amortization Start
City,Town
Maturity Date,Final Maturity
Property Type,Type
DSCR,DCR
Amort Start Date,Commence Date
City,Location
State,Territory
Spread,Credit Spread
Spread,Spread
Occupancy,Occupancy
City,Property City
Current Balance,Balance of Mortgages
Rate Type,Type
Square Feet,Sq. Footage
Property Name,Property Number
Square Feet,SF / # of Units
Address,Street Location
Acquisition Date,Year of Initial Ownership
Current Balance,Current Amount
Market Value,Market Total Value
Units,Unit Count
City,Location
Amort Start Date,Amort Date
Current Balance,Outstanding Loan Amount
Amort Start Date,Amort Start
Property Type,Property Type
Occupancy,Current Occupancy (%)
LTV,Loan-To-Value
DSCR,Total DSCR
Maturity Date,Final Maturity
Current Balance,Balance as of *
Occupancy,Occupancy at end of quarter
LTV,Loan To Value
Debt Service,Debt Service Calculation
Lender,Lender (Servicer)
Lender,Lender Name
Property Type,Type of Community
Amort Start Date,Amort Date
Debt Service,Debt Service Value
Square Feet,SF/Units
Property Name,Property ID
DSCR,Debt Service Coverage
Debt Service,Annual Debt Service
Index,Interest Rate Index
DSCR,Debt Coverage
Property Type,Type
Square Feet,Square Footage
Spread,Spread
Lender,Lender
Index,Rate Index
Property Type,Asset Type
Property Name,Building Name/Number
Rate Type,Structure
All-In Rate,All-In Rate
Square Feet,Square Feet
Loan Amount,Original Loan Amount
Spread,Spread
DSCR,Debt Service Coverage
Square Feet,Square Feet
Property Name,Building Number
Current Balance,Current Loan Balance
NOI,NOI
Property Type,Property Description
Address,Street Address
Current Balance,Outstanding Debt (YE)
Property Type,Property Type
Property Type,Type of Community
Square Feet,Sq. Ft.
Units,# of Units
NOI,NOI  (Period Ending YTD)
Property Name,Legal Name
DSCR,Debt Service Ratio
State,Providence
Property Type,Property Description
Amort Start Date,Amort Start
Market Value,PWC Value
Loan Amount,Orig. Loan Amt.
Square Feet,SF / # of Units
Property Type,Asset Type
City,Property City
DSCR,Total DSCR
Square Feet,Sq. Ft.
Amort Start Date,Amort Date
Debt Service,2022 Total Debt Service (Projected)
City,City
Spread,Credit Spread
Maturity Date,Maturation Date
Amort Start Date,Amort Start
Acquisition Date,Acquistion
Occupancy,Current Occupancy
Spread,Credit Spread
All-In Rate,All In Rate
Current Balance,Principal Balance as of 12/31/21
Index,Index
Current Balance,OPB (1/31/2022)
Acquisition Date,Acquisiton Year
Lender,Mortgage Lender
Lender,Lender (Servicer)
Units,# of Units
Occupancy,Physical Occupancy
Spread,Spread
All-In Rate,Current Rate
City,City
NOI,Current NOI
NOI,N.O.I.
LTV,LTV
Property Type,Type of Property
Property Name,Name
Address,Property Street Address
Debt Service,Debt Service
Current Balance,Outstanding
City,Property City
Rate Type,Type of Rate
Acquisition Date,Acquistion
Property Name,Property ID
State,State
Loan Amount,Origional Balance
State,ST
Loan Amount,Total Loan(s)
City,Town
Acquisition Date,Date Acquired
All-In Rate,All In Rate
DSCR,Total DCR
State,Location
NOI,NOI
Lender,Lender Name
Property Type,Type of Property
Rate Type,Structure
Loan Amount,Total Commitment
Rate Type,Structure
Rate Type,Interest Rate Type
LTV,LTV
Rate Type,Fixed/Variable
Debt Service,Debt Service Calculation
Square Feet,Sq. Feet
Maturity Date,Final Maturity
LTV,Loan-To-Value
Occupancy,Current Occupancy (%)
All-In Rate,Current Rate
Amort Start Date,Amort Start
Index,Index
Market Value,Borrower Started Value
Debt Service,Combined Annual Debt Service
City,Town
Maturity Date,Maturation Date
Lender,Lender(s)
DSCR,DSC
NOI,NOI (12/31/2021)
Acquisition Date,Origination Date
State,Property State
Index,Interest Rate Index
Loan Amount,Loan Amount
Debt Service,Total Debt Service
Units,Number of Units
State,State
DSCR,Total DSCR
Amort Start Date,Amortization Start
Property Type,Prop. Type
Rate Type,Type of Loan
Current Balance,Principal Balance
Maturity Date,Loan Matures
DSCR,Debt Service Coverage
Loan Amount,OG Loan Amount
Acquisition Date,Purchase Date
Index,Interest Rate Index
Market Value,Value/Unit
Index,Interest Rate Index
Loan Amount,Loan Amount
Property Name,Property ID
